Symbol,Name,Sector
RELIANCE,Reliance Industries Limited,nil
TCS,Tata Consultancy Services Limited,nil
HDFCBANK,HDFC Bank Limited,nil
INFY,Infosys Limited,nil
HINDUNILVR,Hindustan Unilever Limited,nil
HDFC,Housing Development Finance Corporation Limited,nil
ICICIBANK,ICICI Bank Limited,nil
KOTAKBANK,Kotak Mahindra Bank Limited,nil
SBIN,State Bank of India,nil
BAJFINANCE,Bajaj Finance Limited,nil
BHARTIARTL,Bharti Airtel Limited,nil
ITC,ITC Limited,nil
HCLTECH,HCL Technologies Limited,nil
ASIANPAINT,Asian Paints Limited,nil
WIPRO,Wipro Limited,nil
AXISBANK,Axis Bank Limited,nil
MARUTI,Maruti Suzuki India Limited,nil
LT,Larsen & Toubro Limited,nil
ULTRACEMCO,UltraTech Cement Limited,nil
DMART,Avenue Supermarts Limited,nil
ADANIGREEN,Adani Green Energy Limited,nil
BAJAJFINSV,Bajaj Finserv Limited,nil
SUNPHARMA,Sun Pharmaceutical Industries Limited,nil
ADANIPORTS,Adani Ports and Special Economic Zone Limited,nil
HDFCLIFE,HDFC Life Insurance Company Limited,nil
TITAN,Titan Company Limited,nil
ONGC,Oil & Natural Gas Corporation Limited,nil
HINDZINC,Hindustan Zinc Limited,nil
ADANIENT,Adani Enterprises Limited,nil
JSWSTEEL,JSW Steel Limited,nil
POWERGRID,Power Grid Corporation of India Limited,nil
SHREECEM,SHREE CEMENT LIMITED,nil
BAJAJ-AUTO,Bajaj Auto Limited,nil
ATGL,Adani Total Gas Limited,nil
NTPC,NTPC Limited,nil
TATAMOTORS,Tata Motors Limited,nil
ADANITRANS,Adani Transmission Limited,nil
M&M,Mahindra & Mahindra Limited,nil
DIVISLAB,Divi's Laboratories Limited,nil
TECHM,Tech Mahindra Limited,nil
DABUR,Dabur India Limited,nil
GRASIM,Grasim Industries Limited,nil
BPCL,Bharat Petroleum Corporation Limited,nil
PIDILITIND,Pidilite Industries Limited,nil
TATASTEEL,Tata Steel Limited,nil
SBILIFE,SBI Life Insurance Company Limited,nil
BRITANNIA,Britannia Industries Limited,nil
SBICARD,SBI Cards and Payment Services Limited,nil
IOC,Indian Oil Corporation Limited,nil
VEDL,Vedanta Limited,nil
COALINDIA,Coal India Limited,nil
DRREDDY,Dr. Reddy's Laboratories Limited,nil
GODREJCP,Godrej Consumer Products Limited,nil
BERGEPAINT,Berger Paints (I) Limited,nil
INDUSINDBK,IndusInd Bank Limited,nil
HINDALCO,Hindalco Industries Limited,nil
EICHERMOT,Eicher Motors Limited,nil
DLF,DLF Limited,nil
LTI,Larsen & Toubro Infotech Limited,nil
INDUSTOWER,Indus Towers Limited,nil
HAVELLS,Havells India Limited,nil
CIPLA,Cipla Limited,nil
SIEMENS,Siemens Limited,nil
ICICIGI,ICICI Lombard General Insurance Company Limited,nil
ICICIPRULI,ICICI Prudential Life Insurance Company Limited,nil
MOTHERSUMI,Motherson Sumi Systems Limited,nil
INDIGO,InterGlobe Aviation Limited,nil
HDFCAMC,HDFC Asset Management Company Limited,nil
AMBUJACEM,Ambuja Cements Limited,nil
GAIL,GAIL (India) Limited,nil
TATACONSUM,TATA CONSUMER PRODUCTS LIMITED,nil
HEROMOTOCO,Hero MotoCorp Limited,nil
NAUKRI,Info Edge (India) Limited,nil
BANDHANBNK,Bandhan Bank Limited,nil
MARICO,Marico Limited,nil
AUROPHARMA,Aurobindo Pharma Limited,nil
BIOCON,Biocon Limited,nil
UPL,UPL Limited,nil
MUTHOOTFIN,Muthoot Finance Limited,nil
LUPIN,Lupin Limited,nil
CHOLAFIN,Cholamandalam Investment and Finance Company Limited,nil
CADILAHC,Cadila Healthcare Limited,nil
TORNTPHARM,Torrent Pharmaceuticals Limited,nil
COLPAL,Colgate Palmolive (India) Limited,nil
HONAUT,Honeywell Automation India Limited,nil
APOLLOHOSP,Apollo Hospitals Enterprise Limited,nil
BOSCHLTD,Bosch Limited,nil
IDBI,IDBI Bank Limited,nil
PGHH,Procter & Gamble Hygiene and Health Care Limited,nil
GLAND,Gland Pharma Limited,nil
MCDOWELL-N,United Spirits Limited,nil
NMDC,NMDC Limited,nil
PEL,Piramal Enterprises Limited,nil
GODREJPROP,Godrej Properties Limited,nil
YESBANK,Yes Bank Limited,nil
JUBLFOOD,Jubilant Foodworks Limited,nil
PNB,Punjab National Bank,nil
AUBANK,AU Small Finance Bank Limited,nil
BANKBARODA,Bank of Baroda,nil
GUJGASLTD,Gujarat Gas Limited,nil
BAJAJHLDNG,Bajaj Holdings & Investment Limited,nil
CONCOR,Container Corporation of India Limited,nil
SRTRANSFIN,Shriram Transport Finance Company Limited,nil
IGL,Indraprastha Gas Limited,nil
ACC,ACC Limited,nil
JINDALSTEL,Jindal Steel & Power Limited,nil
GICRE,General Insurance Corporation of India,nil
MRF,MRF Limited,nil
HINDPETRO,Hindustan Petroleum Corporation Limited,nil
MINDTREE,MindTree Limited,nil
3MINDIA,3M India Limited,nil
PIIND,PI Industries Limited,nil
PAGEIND,Page Industries Limited,nil
PETRONET,Petronet LNG Limited,nil
ASHOKLEY,Ashok Leyland Limited,nil
HAL,Hindustan Aeronautics Limited,nil
MPHASIS,MphasiS Limited,nil
VOLTAS,Voltas Limited,nil
ALKEM,Alkem Laboratories Limited,nil
TATAPOWER,Tata Power Company Limited,nil
UBL,United Breweries Limited,nil
ADANIPOWER,Adani Power Limited,nil
BALKRISIND,Balkrishna Industries Limited,nil
SAIL,Steel Authority of India Limited,nil
ASTRAL,Astral Poly Technik Limited,nil
KANSAINER,Kansai Nerolac Paints Limited,nil
SRF,SRF Limited,nil
IDFCFIRSTB,IDFC First Bank Limited,nil
BEL,Bharat Electronics Limited,nil
TATACOMM,Tata Communications Limited,nil
PFC,Power Finance Corporation Limited,nil
IRFC,Indian Railway Finance Corporation Limited,nil
ABB,ABB India Limited,nil
DALBHARAT,Dalmia Bharat Limited,nil
MFSL,Max Financial Services Limited,nil
VBL,Varun Beverages Limited,nil
ABCAPITAL,Aditya Birla Capital Limited,nil
SUNDARMFIN,Sundaram Finance Limited,nil
WHIRLPOOL,Whirlpool of India Limited,nil
IRCTC,Indian Railway Catering And Tourism Corporation Limited,nil
LTTS,L&T Technology Services Limited,nil
TVSMOTOR,TVS Motor Company Limited,nil
BHARATFORG,Bharat Forge Limited,nil
OFSS,Oracle Financial Services Software Limited,nil
TRENT,Trent Limited,nil
IDEA,Vodafone Idea Limited,nil
IOB,Indian Overseas Bank,nil
SUPREMEIND,Supreme Industries Limited,nil
RECLTD,REC Limited,nil
CUMMINSIND,Cummins India Limited,nil
NIACL,The New India Assurance Company Limited,nil
CANBK,Canara Bank,nil
CROMPTON,Crompton Greaves Consumer Electricals Limited,nil
M&MFIN,Mahindra & Mahindra Financial Services Limited,nil
NHPC,NHPC Limited,nil
GLAXO,GlaxoSmithKline Pharmaceuticals Limited,nil
IPCALAB,IPCA Laboratories Limited,nil
L&TFH,L&T Finance Holdings Limited,nil
RAMCOCEM,The Ramco Cements Limited,nil
INDIAMART,Indiamart Intermesh Limited,nil
TIINDIA,Tube Investments of India Limited,nil
AARTIIND,Aarti Industries Limited,nil
COROMANDEL,Coromandel International Limited,nil
DEEPAKNTR,Deepak Nitrite Limited,nil
LALPATHLAB,Dr. Lal Path Labs Ltd.,nil
JKCEMENT,JK Cement Limited,nil
BANKINDIA,Bank of India,nil
UNIONBANK,Union Bank of India,nil
RELAXO,Relaxo Footwears Limited,nil
SYNGENE,Syngene International Limited,nil
LICHSGFIN,LIC Housing Finance Limited,nil
EMAMILTD,Emami Limited,nil
DIXON,Dixon Technologies (India) Limited,nil
ATUL,Atul Limited,nil
OBEROIRLTY,Oberoi Realty Limited,nil
NAM-INDIA,Nippon Life India Asset Management Limited,nil
PFIZER,Pfizer Limited,nil
POLYCAB,Polycab India Limited,nil
ENDURANCE,Endurance Technologies Limited,nil
TORNTPOWER,Torrent Power Limited,nil
MAXHEALTH,Max Healthcare Institute Limited,nil
ZEEL,Zee Entertainment Enterprises Limited,nil
LAURUSLABS,Laurus Labs Limited,nil
AIAENG,AIA Engineering Limited,nil
GILLETTE,Gillette India Limited,nil
TATACHEM,Tata Chemicals Limited,nil
AAVAS,Aavas Financiers Limited,nil
RUCHI,Ruchi Soya Industries Limited,nil
APLLTD,Alembic Pharmaceuticals Limited,nil
SUNTV,Sun TV Network Limited,nil
GODREJIND,Godrej Industries Limited,nil
SANOFI,Sanofi India Limited,nil
BATAINDIA,Bata India Limited,nil
COFORGE,Coforge Limited,nil
APLAPOLLO,APL Apollo Tubes Limited,nil
ESCORTS,Escorts Limited,nil
ABFRL,Aditya Birla Fashion and Retail Limited,nil
SCHAEFFLER,Schaeffler India Limited,nil
BHEL,Bharat Heavy Electricals Limited,nil
SUNDRMFAST,Sundram Fasteners Limited,nil
TATAELXSI,Tata Elxsi Limited,nil
THERMAX,Thermax Limited,nil
HATSUN,Hatsun Agro Product Limited,nil
EXIDEIND,Exide Industries Limited,nil
AJANTPHARM,Ajanta Pharma Limited,nil
GSPL,Gujarat State Petronet Limited,nil
LINDEINDIA,Linde India Limited,nil
FEDERALBNK,The Federal Bank  Limited,nil
NATCOPHARM,Natco Pharma Limited,nil
FORTIS,Fortis Healthcare Limited,nil
KAJARIACER,Kajaria Ceramics Limited,nil
MINDAIND,Minda Industries Limited,nil
PERSISTENT,Persistent Systems Limited,nil
GMRINFRA,GMR Infrastructure Limited,nil
AMARAJABAT,Amara Raja Batteries Limited,nil
SUMICHEM,Sumitomo Chemical India Limited,nil
JSWENERGY,JSW Energy Limited,nil
VINATIORGA,Vinati Organics Limited,nil
APOLLOTYRE,Apollo Tyres Limited,nil
RAJESHEXPO,Rajesh Exports Limited,nil
AFFLE,Affle (India) Limited,nil
MAHABANK,Bank of Maharashtra,nil
NAVINFLUOR,Navin Fluorine International Limited,nil
PHOENIXLTD,The Phoenix Mills Limited,nil
CRISIL,CRISIL Limited,nil
OIL,Oil India Limited,nil
BLUEDART,Blue Dart Express Limited,nil
INDHOTEL,The Indian Hotels Company Limited,nil
GLENMARK,Glenmark Pharmaceuticals Limited,nil
INDIANB,Indian Bank,nil
SUVENPHAR,Suven Pharmaceuticals Limited,nil
MANAPPURAM,Manappuram Finance Limited,nil
ZYDUSWELL,Zydus Wellness Limited,nil
VAIBHAVGBL,Vaibhav Global Limited,nil
WABCOINDIA,WABCO India Limited,nil
RBLBANK,RBL Bank Limited,nil
CASTROLIND,Castrol India Limited,nil
ISEC,ICICI Securities Limited,nil
PRESTIGE,Prestige Estates Projects Limited,nil
ALKYLAMINE,Alkyl Amines Chemicals Limited,nil
SOLARINDS,Solar Industries India Limited,nil
MGL,Mahanagar Gas Limited,nil
CUB,City Union Bank Limited,nil
METROPOLIS,Metropolis Healthcare Limited,nil
INDIGOPNTS,Indigo Paints Limited,nil
CHOLAHLDNG,Cholamandalam Financial Holdings Limited,nil
BAJAJELEC,Bajaj Electricals Limited,nil
AMBER,Amber Enterprises India Limited,nil
SKFINDIA,SKF India Limited,nil
TANLA,Tanla Platforms Limited,nil
HINDCOPPER,Hindustan Copper Limited,nil
UCOBANK,UCO Bank,nil
IIFLWAM,Iifl Wealth Management Limited,nil
JUBLPHARMA,Jubilant Pharmova Limited,nil
VGUARD,V-Guard Industries Limited,nil
ITI,ITI Limited,nil
IIFL,IIFL Finance Limited,nil
KEC,KEC International Limited,nil
GRINDWELL,Grindwell Norton Limited,nil
AEGISCHEM,Aegis Logistics Limited,nil
AKZOINDIA,Akzo Nobel India Limited,nil
CREDITACC,CREDITACCESS GRAMEEN LIMITED,nil
QUESS,Quess Corp Limited,nil
PGHL,Procter & Gamble Health Limited,nil
SJVN,SJVN Limited,nil
NATIONALUM,National Aluminium Company Limited,nil
GODREJAGRO,Godrej Agrovet Limited,nil
TTKPRESTIG,TTK Prestige Limited,nil
ALOKINDS,Alok Industries Limited,nil
GRAPHITE,Graphite India Limited,nil
IEX,Indian Energy Exchange Limited,nil
INTELLECT,Intellect Design Arena Limited,nil
ORCHPHARMA,Orchid Pharma Limited,nil
TIMKEN,Timken India Limited,nil
JBCHEPHARM,JB Chemicals & Pharmaceuticals Limited,nil
CARBORUNIV,Carborundum Universal Limited,nil
SFL,Sheela Foam Limited,nil
CENTRALBK,Central Bank of India,nil
CHAMBLFERT,Chambal Fertilizers & Chemicals Limited,nil
MOTILALOFS,Motilal Oswal Financial Services Limited,nil
IBULHSGFIN,Indiabulls Housing Finance Limited,nil
GALAXYSURF,Galaxy Surfactants Limited,nil
SHRIRAMCIT,Shriram City Union Finance Limited,nil
BLUESTARCO,Blue Star Limited,nil
BASF,BASF India Limited,nil
CGPOWER,CG Power and Industrial Solutions Limited,nil
RATNAMANI,Ratnamani Metals & Tubes Limited,nil
DHANI,Dhani Services Limited,nil
SYMPHONY,Symphony Limited,nil
HUDCO,Housing & Urban Development Corporation Limited,nil
KIOCL,KIOCL Limited,nil
NBCC,NBCC (India) Limited,nil
NH,Narayana Hrudayalaya Ltd.,nil
ERIS,Eris Lifesciences Limited,nil
CANFINHOME,Can Fin Homes Limited,nil
ROUTE,ROUTE MOBILE LIMITED,nil
WELSPUNIND,Welspun India Limited,nil
JMFINANCIL,JM Financial Limited,nil
DBL,Dilip Buildcon Limited,nil
HAPPSTMNDS,Happiest Minds Technologies Limited,nil
FSL,Firstsource Solutions Limited,nil
FINPIPE,Finolex Industries Limited,nil
POLYMED,Poly Medicure Limited,nil
CESC,CESC Limited,nil
DCMSHRIRAM,DCM Shriram Limited,nil
BBTC,Bombay Burmah Trading Corporation Limited,nil
STLTECH,Sterlite Technologies Limited,nil
STAR,Strides Pharma Science Limited,nil
IDFC,IDFC Limited,nil
ASAHIINDIA,Asahi India Glass Limited,nil
ASTRAZEN,AstraZeneca Pharma India Limited,nil
GRANULES,Granules India Limited,nil
RADICO,Radico Khaitan Limited,nil
VTL,Vardhman Textiles Limited,nil
EPL,EPL Limited,nil
PVR,PVR Limited,nil
REDINGTON,Redington (India) Limited,nil
UTIAMC,UTI Asset Management Company Limited,nil
KPRMILL,K.P.R. Mill Limited,nil
BIRLACORPN,Birla Corporation Limited,nil
LAXMIMACH,Lakshmi Machine Works Limited,nil
JCHAC,Johnson Controls - Hitachi Air Conditioning India Limited,nil
TRIDENT,Trident Limited,nil
CYIENT,Cyient Limited,nil
CENTURYPLY,Century Plyboards (India) Limited,nil
BSOFT,BIRLASOFT LIMITED,nil
KALYANKJIL,Kalyan Jewellers India Limited,nil
FINEORG,Fine Organic Industries Limited,nil
NLCINDIA,NLC India Limited,nil
ASTERDM,Aster DM Healthcare Limited,nil
EQUITASBNK,Equitas Small Finance Bank Limited,nil
CDSL,Central Depository Services (India) Limited,nil
MRPL,Mangalore Refinery and Petrochemicals Limited,nil
CGCL,Capri Global Capital Limited,nil
PNCINFRA,PNC Infratech Limited,nil
ORIENTELEC,Orient Electric Limited,nil
PRSMJOHNSN,Prism Johnson Limited,nil
AARTIDRUGS,Aarti Drugs Limited,nil
TEAMLEASE,Teamlease Services Limited,nil
MMTC,MMTC Limited,nil
FLUOROCHEM,Gujarat Fluorochemicals Limited,nil
INFIBEAM,Infibeam Avenues Limited,nil
PNBHOUSING,PNB Housing Finance Limited,nil
CEATLTD,CEAT Limited,nil
GMMPFAUDLR,GMM Pfaudler Limited,nil
SUNCLAYLTD,Sundaram Clayton Limited,nil
ZENSARTECH,Zensar Technologies Limited,nil
MAHINDCIE,Mahindra CIE Automotive Limited,nil
BDL,Bharat Dynamics Limited,nil
RVNL,Rail Vikas Nigam Limited,nil
ELGIEQUIP,Elgi Equipments Limited,nil
KNRCON,KNR Constructions Limited,nil
SEQUENT,Sequent Scientific Limited,nil
VAKRANGEE,Vakrangee Limited,nil
EDELWEISS,Edelweiss Financial Services Limited,nil
BRIGADE,Brigade Enterprises Limited,nil
FINCABLES,Finolex Cables Limited,nil
EIHOTEL,EIH Limited,nil
POWERINDIA,ABB Power Products and Systems India Limited,nil
RITES,RITES Limited,nil
SIS,SIS LIMITED,nil
TATASTLBSL,Tata Steel Bsl Limited,nil
BALAMINES,Balaji Amines Limited,nil
HEG,HEG Limited,nil
AVANTIFEED,Avanti Feeds Limited,nil
EIDPARRY,EID Parry India Limited,nil
KALPATPOWR,Kalpataru Power Transmission Limited,nil
VMART,V-Mart Retail Limited,nil
ROSSARI,Rossari Biotech Limited,nil
SONATSOFTW,Sonata Software Limited,nil
JUSTDIAL,Just Dial Limited,nil
HEIDELBERG,HeidelbergCement India Limited,nil
GARFIBRES,Garware Technical Fibres Limited,nil
UJJIVANSFB,Ujjivan Small Finance Bank Limited,nil
TATAINVEST,Tata Investment Corporation Limited,nil
VSTIND,VST Industries Limited,nil
BEML,BEML Limited,nil
CENTURYTEX,Century Textiles & Industries Limited,nil
INDIACEM,The India Cements Limited,nil
SCI,Shipping Corporation Of India Limited,nil
JKLAKSHMI,JK Lakshmi Cement Limited,nil
CERA,Cera Sanitaryware Limited,nil
JYOTHYLAB,Jyothy Labs Limited,nil
VIPIND,VIP Industries Limited,nil
SOLARA,Solara Active Pharma Sciences Limited,nil
TV18BRDCST,TV18 Broadcast Limited,nil
COCHINSHIP,Cochin Shipyard Limited,nil
BURGERKING,Burger King India Limited,nil
VARROC,Varroc Engineering Limited,nil
RALLIS,Rallis India Limited,nil
ANURAS,Anupam Rasayan India Limited,nil
KPITTECH,KPIT Technologies Limited,nil
FDC,FDC Limited,nil
NCC,NCC Limited,nil
RAIN,Rain Industries Limited,nil
THYROCARE,Thyrocare Technologies Limited,nil
GODFRYPHLP,Godfrey Phillips India Limited,nil
KEI,KEI Industries Limited,nil
GPPL,Gujarat Pipavav Port Limited,nil
GNFC,Gujarat Narmada Valley Fertilizers and Chemicals Limited,nil
MASFIN,MAS Financial Services Limited,nil
LXCHEM,Laxmi Organic Industries Limited,nil
GESHIP,The Great Eastern Shipping Company Limited,nil
PRINCEPIPE,Prince Pipes And Fittings Limited,nil
WOCKPHARMA,Wockhardt Limited,nil
HATHWAY,Hathway Cable & Datacom Limited,nil
BALRAMCHIN,Balrampur Chini Mills Limited,nil
IFBIND,IFB Industries Limited,nil
NAZARA,Nazara Technologies Limited,nil
RESPONIND,Responsive Industries Limited,nil
KARURVYSYA,Karur Vysya Bank Limited,nil
LUXIND,Lux Industries Limited,nil
ENGINERSIN,Engineers India Limited,nil
DELTACORP,Delta Corp Limited,nil
MAZDOCK,Mazagon Dock Shipbuilders Limited,nil
RCF,Rashtriya Chemicals and Fertilizers Limited,nil
JSWHL,JSW Holdings Limited,nil
SUZLON,Suzlon Energy Limited,nil
KRBL,KRBL Limited,nil
MAHLOG,Mahindra Logistics Limited,nil
IRCON,Ircon International Limited,nil
SWSOLAR,Sterling And Wilson Solar Limited,nil
SOBHA,Sobha Limited,nil
JUBLINGREA,Jubilant Ingrevia Limited,nil
SUNTECK,Sunteck Realty Limited,nil
MAHSCOOTER,Maharashtra Scooters Limited,nil
RAILTEL,Railtel Corporation Of India Limited,nil
CSBBANK,CSB Bank Limited,nil
BHARATRAS,Bharat Rasayan Limited,nil
STARCEMENT,Star Cement Limited,nil
SUPPETRO,Supreme Petrochem Limited,nil
HOMEFIRST,Home First Finance Company India Limited,nil
HEMIPROP,Hemisphere Properties India Limited,nil
SPANDANA,Spandana Sphoorty Financial Limited,nil
AGCNET,AGC Networks Limited,nil
INDOSTAR,IndoStar Capital Finance Limited,nil
ADVENZYMES,Advanced Enzyme Technologies Limited,nil
SUPRAJIT,Suprajit Engineering Limited,nil
ECLERX,eClerx Services Limited,nil
BAJAJCON,Bajaj Consumer Care Limited,nil
IRB,IRB Infrastructure Developers Limited,nil
NETWORK18,Network18 Media & Investments Limited,nil
FACT,Fertilizers and Chemicals Travancore Limited,nil
SPARC,Sun Pharma Advanced Research Company Limited,nil
NESCO,Nesco Limited,nil
IBREALEST,Indiabulls Real Estate Limited,nil
TASTYBITE,Tasty Bite Eatables Limited,nil
TCIEXP,TCI Express Limited,nil
GULFOILLUB,Gulf Oil Lubricants India Limited,nil
WELCORP,Welspun Corp Limited,nil
HGS,Hinduja Global Solutions Limited,nil
SUDARSCHEM,Sudarshan Chemical Industries Limited,nil
MOIL,MOIL Limited,nil
PRAJIND,Praj Industries Limited,nil
TATASTLLP,Tata Steel Long Products Limited,nil
TECHNOE,Techno Electric & Engineering Company Limited,nil
PAISALO,Paisalo Digital Limited,nil
PRIVISCL,Privi Speciality Chemicals Limited,nil
MIDHANI,Mishra Dhatu Nigam Limited,nil
SWANENERGY,Swan Energy Limited,nil
ITDC,India Tourism Development Corporation Limited,nil
JSL,Jindal Stainless Limited,nil
TRITURBINE,Triveni Turbine Limited,nil
PHILIPCARB,Phillips Carbon Black Limited,nil
JINDALPOLY,Jindal Poly Films Limited,nil
GSFC,Gujarat State Fertilizers & Chemicals Limited,nil
KSCL,Kaveri Seed Company Limited,nil
IOLCP,IOL Chemicals and Pharmaceuticals Limited,nil
HFCL,HFCL Limited,nil
DHANUKA,Dhanuka Agritech Limited,nil
INOXLEISUR,INOX Leisure Limited,nil
BORORENEW,BOROSIL RENEWABLES LIMITED,nil
DCBBANK,DCB Bank Limited,nil
ICRA,ICRA Limited,nil
MTARTECH,Mtar Technologies Limited,nil
KSB,Ksb Limited,nil
TCNSBRANDS,TCNS Clothing Co. Limited,nil
CCL,CCL Products (India) Limited,nil
MASTEK,Mastek Limited,nil
CAPLIPOINT,Caplin Point Laboratories Limited,nil
ALLCARGO,Allcargo Logistics Limited,nil
CHALET,Chalet Hotels Limited,nil
CRAFTSMAN,Craftsman Automation Limited,nil
EQUITAS,Equitas Holdings Limited,nil
GET&D,GE T&D India Limited,nil
MAGMA,Magma Fincorp Limited,nil
MEGH,Meghmani Organics Limited,nil
GREAVESCOT,Greaves Cotton Limited,nil
JSLHISAR,Jindal Stainless (Hisar) Limited,nil
GAEL,Gujarat Ambuja Exports Limited,nil
LEMONTREE,Lemon Tree Hotels Limited,nil
MAHLIFE,Mahindra Lifespace Developers Limited,nil
NILKAMAL,Nilkamal Limited,nil
SURYODAY,Suryoday Small Finance Bank Limited,nil
NOCIL,NOCIL Limited,nil
ASHOKA,Ashoka Buildcon Limited,nil
MHRIL,Mahindra Holidays & Resorts India Limited,nil
SAREGAMA,Saregama India Limited,nil
TTML,Tata Teleservices (Maharashtra) Limited,nil
ESABINDIA,Esab India Limited,nil
UFLEX,UFLEX Limited,nil
SHILPAMED,Shilpa Medicare Limited,nil
ORIENTREF,Orient Refractories Limited,nil
POLYPLEX,Polyplex Corporation Limited,nil
JAMNAAUTO,Jamna Auto Industries Limited,nil
JKTYRE,JK Tyre & Industries Limited,nil
NEULANDLAB,Neuland Laboratories Limited,nil
NFL,National Fertilizers Limited,nil
INDOCO,Indoco Remedies Limited,nil
ALEMBICLTD,Alembic Limited,nil
ICIL,Indo Count Industries Limited,nil
SHARDACROP,Sharda Cropchem Limited,nil
TATAMETALI,Tata Metaliks Limited,nil
BSE,BSE Limited,nil
UJJIVAN,Ujjivan Financial Services Limited,nil
JKPAPER,JK Paper Limited,nil
GPIL,Godawari Power And Ispat limited,nil
GUJALKALI,Gujarat Alkalies and Chemicals Limited,nil
HERANBA,Heranba Industries Limited,nil
LAOPALA,La Opala RG Limited,nil
RUPA,Rupa & Company Limited,nil
RAYMOND,Raymond Limited,nil
MINDACORP,Minda Corporation Limited,nil
HCG,Healthcare Global Enterprises Limited,nil
ANGELBRKG,Angel Broking Limited,nil
JINDALSAW,Jindal Saw Limited,nil
KIRLOSENG,Kirloskar Oil Engines Limited,nil
SHOPERSTOP,Shoppers Stop Limited,nil
DEN,Den Networks Limited,nil
DEEPAKFERT,Deepak Fertilizers and Petrochemicals Corporation Limited,nil
BEPL,Bhansali Engineering Polymers Limited,nil
FRETAIL,Future Retail Limited,nil
PTC,PTC India Limited,nil
HIL,HIL Limited,nil
IFCI,IFCI Limited,nil
RELIGARE,Religare Enterprises Limited,nil
GREENLAM,Greenlam Industries Limited,nil
SCHNEIDER,Schneider Electric Infrastructure Limited,nil
EASEMYTRIP,Easy Trip Planners Limited,nil
TATACOFFEE,Tata Coffee Limited,nil
JPPOWER,Jaiprakash Power Ventures Limited,nil
RAMCOIND,Ramco Industries Limited,nil
GDL,Gateway Distriparks Limited,nil
BALMLAWRIE,Balmer Lawrie & Company Limited,nil
MATRIMONY,Matrimony.Com Limited,nil
VENKEYS,Venky's (India) Limited,nil
UNICHEMLAB,Unichem Laboratories Limited,nil
GHCL,GHCL Limited,nil
INGERRAND,Ingersoll Rand (India) Limited,nil
SUVIDHAA,Suvidhaa Infoserve Limited,nil
GRSE,Garden Reach Shipbuilders & Engineers Limited,nil
HUHTAMAKI,Huhtamaki India Limited,nil
REPCOHOME,Repco Home Finance Limited,nil
MSTCLTD,Mstc Limited,nil
VRLLOG,VRL Logistics Limited,nil
GREENPLY,Greenply Industries Limited,nil
JTEKTINDIA,Jtekt India Limited,nil
MARKSANS,Marksans Pharma Limited,nil
TRIVENI,Triveni Engineering & Industries Limited,nil
ATFL,Agro Tech Foods Limited,nil
SUBROS,Subros Limited,nil
NEOGEN,Neogen Chemicals Limited,nil
AHLUCONT,Ahluwalia Contracts (India) Limited,nil
ORIENTCEM,Orient Cement Limited,nil
SUBEXLTD,Subex Limited,nil
JBMA,JBM Auto Limited,nil
BANARISUG,Bannari Amman Sugars Limited,nil
NEWGEN,Newgen Software Technologies Limited,nil
BECTORFOOD,Mrs. Bectors Food Specialities Limited,nil
TCI,Transport Corporation of India Limited,nil
OAL,Oriental Aromatics Limited,nil
ASTEC,Astec LifeSciences Limited,nil
GREENPANEL,Greenpanel Industries Limited,nil
SHIL,Somany Home Innovation Limited,nil
NIITLTD,NIIT Limited,nil
EVEREADY,Eveready Industries India Limited,nil
VESUVIUS,Vesuvius India Limited,nil
RENUKA,Shree Renuka Sugars Limited,nil
HGINFRA,H.G. Infra Engineering Limited,nil
GEPIL,GE Power India Limited,nil
BOROLTD,Borosil Limited,nil
KIRLOSBROS,Kirloskar Brothers Limited,nil
KTKBANK,The Karnataka Bank Limited,nil
SURYAROSNI,Surya Roshni Limited,nil
DAAWAT,LT Foods Limited,nil
MAYURUNIQ,Mayur Uniquoters Ltd,nil
THOMASCOOK,Thomas Cook  (India)  Limited,nil
MAHSEAMLES,Maharashtra Seamless Limited,nil
NAVNETEDUL,Navneet Education Limited,nil
DFMFOODS,DFM Foods Limited,nil
J&KBANK,The Jammu & Kashmir Bank Limited,nil
APARINDS,Apar Industries Limited,nil
SOMANYCERA,Somany Ceramics Limited,nil
CAMLINFINE,Camlin Fine Sciences Limited,nil
ADFFOODS,ADF Foods Limited,nil
OLECTRA,Olectra Greentech Limited,nil
SHRIPISTON,Shriram Pistons & Rings Limited,nil
HIKAL,Hikal Limited,nil
GMDCLTD,Gujarat Mineral Development Corporation Limited,nil
ACE,Action Construction Equipment Limited,nil
PILANIINVS,Pilani Investment and Industries Corporation Limited,nil
HSCL,Himadri Speciality Chemical Limited,nil
PDSMFL,PDS Multinational Fashions Limited,nil
KOLTEPATIL,Kolte - Patil Developers Limited,nil
PFOCUS,Prime Focus Limited,nil
DCAL,Dishman Carbogen Amcis Limited,nil
ARVIND,Arvind Limited,nil
DISHTV,Dish TV India Limited,nil
JPASSOCIAT,Jaiprakash Associates Limited,nil
TINPLATE,The Tinplate Company of India Limited,nil
SAGCEM,Sagar Cements Limited,nil
RKFORGE,Ramkrishna Forgings Limited,nil
PSPPROJECT,PSP Projects Limited,nil
PURVA,Puravankara Limited,nil
AMRUTANJAN,Amrutanjan Health Care Limited,nil
JAGRAN,Jagran Prakashan Limited,nil
INEOSSTYRO,INEOS Styrolution India Limited,nil
HESTERBIO,Hester Biosciences Limited,nil
RAMCOSYS,Ramco Systems Limited,nil
WELENT,Welspun Enterprises Limited,nil
ANANTRAJ,Anant Raj Limited,nil
AUTOAXLES,Automotive Axles Limited,nil
WSTCSTPAPR,West Coast Paper Mills Limited,nil
SWARAJENG,Swaraj Engines Limited,nil
TVTODAY,TV Today Network Limited,nil
SHK,S H Kelkar and Company Limited,nil
DBCORP,D.B.Corp Limited,nil
MAITHANALL,Maithan Alloys Limited,nil
FMGOETZE,Federal-Mogul Goetze (India) Limited.,nil
WABAG,VA Tech Wabag Limited,nil
VSTTILLERS,V.S.T Tillers Tractors Limited,nil
INOXWIND,Inox Wind Limited,nil
DALMIASUG,Dalmia Bharat Sugar and Industries Limited,nil
JAICORPLTD,Jai Corp Limited,nil
SARDAEN,Sarda Energy & Minerals Limited,nil
TIDEWATER,Tide Water Oil Company (India) Limited,nil
LUMAXIND,Lumax Industries Limited,nil
SOUTHBANK,The South Indian Bank Limited,nil
CHEMCON,Chemcon Speciality Chemicals Limited,nil
STOVEKRAFT,Stove Kraft Limited,nil
CHENNPETRO,Chennai Petroleum Corporation Limited,nil
GABRIEL,Gabriel India Limited,nil
ORISSAMINE,The Orissa Minerals Development Company Limited,nil
TEJASNET,Tejas Networks Limited,nil
FILATEX,Filatex India Limited,nil
JKIL,J.Kumar Infraprojects Limited,nil
BOMDYEING,Bombay Dyeing & Mfg Company Limited,nil
MOREPENLAB,Morepen Laboratories Limited,nil
HMT,HMT Limited,nil
HIMATSEIDE,Himatsingka Seide Limited,nil
IIFLSEC,IIFL Securities Limited,nil
KIRIINDUS,Kiri Industries Limited,nil
NUCLEUS,Nucleus Software Exports Limited,nil
KSL,Kalyani Steels Limited,nil
DIAMONDYD,Prataap Snacks Limited,nil
SOTL,Savita Oil Technologies Limited,nil
ARVINDFASN,Arvind Fashions Limited,nil
CAPACITE,Capacit'e Infraprojects Limited,nil
TIMETECHNO,Time Technoplast Limited,nil
HERITGFOOD,Heritage Foods Limited,nil
RSYSTEMS,R Systems International Limited,nil
TVSSRICHAK,TVS Srichakra Limited,nil
SAFARI,Safari Industries (India) Limited,nil
ASHIANA,Ashiana Housing Limited,nil
GTPL,GTPL Hathway Limited,nil
ITDCEM,ITD Cementation India Limited,nil
SASKEN,Sasken Technologies Limited,nil
DOLLAR,Dollar Industries Limited,nil
APOLLOPIPE,Apollo Pipes Limited,nil
INDIAGLYCO,India Glycols Limited,nil
GANECOS,Ganesha Ecosphere Limited,nil
HINDOILEXP,Hindustan Oil Exploration Company Limited,nil
ACCELYA,Accelya Solutions India Limited,nil
PRAKASH,Prakash Industries Limited,nil
IGPL,IG Petrochemicals Limited,nil
PCJEWELLER,PC Jeweller Limited,nil
JMCPROJECT,JMC Projects (India)  Limited,nil
RTNPOWER,RattanIndia Power Limited,nil
GATI,GATI Limited,nil
OMAXE,Omaxe Limited,nil
GENUSPOWER,Genus Power Infrastructures Limited,nil
SANDHAR,Sandhar Technologies Limited,nil
PSB,Punjab & Sind Bank,nil
JSWISPL,JSW Ispat Special Products Limited,nil
NBVENTURES,Nava Bharat Ventures Limited,nil
CONFIPET,Confidence Petroleum India Limited,nil
IMFA,Indian Metals & Ferro Alloys Limited,nil
RPOWER,Reliance Power Limited,nil
HCC,Hindustan Construction Company Limited,nil
DHAMPURSUG,Dhampur Sugar Mills Limited,nil
CARERATING,CARE Ratings Limited,nil
3IINFOTECH,3i Infotech Limited,nil
KIRLOSIND,Kirloskar Industries Limited,nil
GEOJITFSL,Geojit Financial Services Limited,nil
QUICKHEAL,Quick Heal Technologies Limited,nil
MMFL,MM Forgings Limited,nil
FCONSUMER,Future Consumer Limited,nil
MTNL,Mahanagar Telephone Nigam Limited,nil
CENTRUM,Centrum Capital Limited,nil
MUKANDLTD,Mukand Limited,nil
SHARDAMOTR,Sharda Motor Industries Limited,nil
PFS,PTC India Financial Services Limited,nil
DIGISPICE,DiGiSPICE Technologies Limited,nil
SUNDARMHLD,Sundaram Finance Holdings Limited,nil
GIPCL,Gujarat Industries Power Company Limited,nil
DPSCLTD,DPSC Limited,nil
IFGLEXPOR,IFGL Refractories Limited,nil
SUNFLAG,Sunflag Iron And Steel Company Limited,nil
COSMOFILMS,Cosmo Films Limited,nil
ASTRAMICRO,Astra Microwave Products Limited,nil
NXTDIGITAL,NXTDIGITAL LIMITED,nil
SEAMECLTD,Seamec Limited,nil
VOLTAMP,Voltamp Transformers Limited,nil
LUMAXTECH,Lumax Auto Technologies Limited,nil
BODALCHEM,Bodal Chemicals Limited,nil
PANACEABIO,Panacea Biotec Limited,nil
MOLDTKPAC,Mold-Tek Packaging Limited,nil
SSWL,Steel Strips Wheels Limited,nil
WHEELS,Wheels India Limited,nil
SHALBY,Shalby Limited,nil
WONDERLA,Wonderla Holidays Limited,nil
JETAIRWAYS,Jet Airways (India) Limited,nil
ELECTCAST,Electrosteel Castings Limited,nil
GOCLCORP,GOCL Corporation Limited,nil
KCP,KCP Limited,nil
PUNJABCHEM,Punjab Chemicals & Crop Protection Limited,nil
SADBHAV,Sadbhav Engineering Limited,nil
KKCL,Kewal Kiran Clothing Limited,nil
SANGHIIND,Sanghi Industries Limited,nil
YAARII,Yaarii Digital Integrated Services Limited,nil
VIDHIING,Vidhi Specialty Food Ingredients Limited,nil
EXCELINDUS,Excel Industries Limited,nil
NRBBEARING,NRB Bearing Limited,nil
SMSPHARMA,SMS Pharmaceuticals Limited,nil
OPTIEMUS,Optiemus Infracom Limited,nil
DREDGECORP,Dredging Corporation of India Limited,nil
BFINVEST,BF Investment Limited,nil
MANINFRA,Man Infraconstruction Limited,nil
GALLISPAT,Gallantt Ispat Limited,nil
SESHAPAPER,Seshasayee Paper and Boards Limited,nil
MANALIPETC,Manali Petrochemicals Limited,nil
BLISSGVS,Bliss GVS Pharma Limited,nil
TNPL,Tamil Nadu Newsprint & Papers Limited,nil
USHAMART,Usha Martin Limited,nil
INDORAMA,Indo Rama Synthetics (India) Limited,nil
BANCOINDIA,Banco Products (I) Limited,nil
KESORAMIND,Kesoram Industries Limited,nil
GTLINFRA,GTL Infrastructure Limited,nil
HSIL,HSIL Limited,nil
BUTTERFLY,Butterfly Gandhimathi Appliances Limited,nil
FLFL,Future Lifestyle Fashions Limited,nil
INSECTICID,Insecticides (India) Limited,nil
SHANTIGEAR,Shanthi Gears Limited,nil
FAIRCHEMOR,Fairchem Organics Limited,nil
ESTER,Ester Industries Limited,nil
VINDHYATEL,Vindhya Telelinks Limited,nil
HONDAPOWER,Honda India Power Products Limited,nil
JINDWORLD,Jindal Worldwide Limited,nil
TIIL,Technocraft Industries (India) Limited,nil
LGBBROSLTD,LG Balakrishnan & Bros Limited,nil
SHAKTIPUMP,Shakti Pumps (India) Limited,nil
BLS,BLS International Services Limited,nil
SHANKARA,Shankara Building Products Limited,nil
PRABHAT,Prabhat Dairy Limited,nil
APCOTEXIND,Apcotex Industries Limited,nil
BFUTILITIE,BF Utilities Limited,nil
HBLPOWER,HBL Power Systems Limited,nil
RELINFRA,Reliance Infrastructure Limited,nil
ONMOBILE,OnMobile Global Limited,nil
OCCL,Oriental Carbon & Chemicals Limited,nil
GLOBUSSPR,Globus Spirits Limited,nil
JISLJALEQS,Jain Irrigation Systems Limited,nil
ASHAPURMIN,Ashapura Minechem Limited,nil
SUVEN,Suven Life Sciences Limited,nil
RPSGVENT,RPSG VENTURES LIMITED,nil
TEXINFRA,Texmaco Infrastructure & Holdings Limited,nil
GUFICBIO,Gufic Biosciences Limited,nil
PARAGMILK,Parag Milk Foods Limited,nil
CIGNITITEC,Cigniti Technologies Limited,nil
SHREDIGCEM,Shree Digvijay Cement Co.Ltd,nil
EKC,Everest Kanto Cylinder Limited,nil
PANAMAPET,Panama Petrochem Limited,nil
TIRUMALCHM,Thirumalai Chemicals Limited,nil
SIYSIL,Siyaram Silk Mills Limited,nil
ANDHRAPAP,ANDHRA PAPER LIMITED,nil
PNBGILTS,PNB Gilts Limited,nil
ARSHIYA,Arshiya Limited,nil
SIRCA,Sirca Paints India Limited,nil
POWERMECH,Power Mech Projects Limited,nil
CLNINDIA,Clariant Chemicals (India) Limited,nil
IGARASHI,Igarashi Motors India Limited,nil
TARC,Anant Raj Global Limited,nil
MANGCHEFER,Mangalore Chemicals & Fertilizers Limited,nil
PRICOLLTD,Pricol Limited,nil
IMPAL,India Motor Parts and Accessories Limited,nil
RANEHOLDIN,Rane Holdings Limited,nil
SHAREINDIA,Share India Securities Limited,nil
MPSLTD,MPS Limited,nil
INDNIPPON,India Nippon Electricals Limited,nil
INDIANHUME,Indian Hume Pipe Company Limited,nil
MAXVIL,Max Ventures and Industries Limited,nil
ACRYSIL,Acrysil Limited,nil
POKARNA,Pokarna Limited,nil
SATIA,Satia Industries Limited,nil
RADIOCITY,Music Broadcast Limited,nil
MARINE,Marine Electricals (India) Limited,nil
SRIPIPES,Srikalahasthi Pipes Limited,nil
THANGAMAYL,Thangamayil Jewellery Limited,nil
GFLLIMITED,GFL Limited,nil
RAJRATAN,Rajratan Global Wire Limited,nil
PGEL,PG Electroplast Limited,nil
ANDHRSUGAR,The Andhra Sugars Limited,nil
VISAKAIND,Visaka Industries Limited,nil
SMCGLOBAL,SMC Global Securities Limited,nil
NCLIND,NCL Industries Limited,nil
GMBREW,GM Breweries Limited,nil
ASALCBR,Associated Alcohols & Breweries Ltd.,nil
APTECHT,Aptech Limited,nil
GOLDIAM,Goldiam International Limited,nil
EMAMIPAP,Emami Paper Mills Limited,nil
MANGLMCEM,Mangalam Cement Limited,nil
KARDA,Karda Constructions Limited,nil
NACLIND,NACL Industries Limited,nil
SNOWMAN,Snowman Logistics Limited,nil
FIEMIND,Fiem Industries Limited,nil
GNA,GNA Axles Limited,nil
FOSECOIND,Foseco India Limited,nil
FCL,Fineotex Chemical Limited,nil
XCHANGING,Xchanging Solutions Limited,nil
TEXRAIL,Texmaco Rail & Engineering Limited,nil
EIHAHOTELS,EIH Associated Hotels Limited,nil
ELECON,Elecon Engineering Company Limited,nil
KINGFA,Kingfa Science & Technology (India) Limited,nil
AARTISURF,Aarti Surfactants Limited,nil
RTNINFRA,RattanIndia Infrastructure Limited,nil
STERTOOLS,Sterling Tools Limited,nil
BAJAJHIND,Bajaj Hindusthan Sugar Limited,nil
TTKHLTCARE,TTK Healthcare Limited,nil
KELLTONTEC,Kellton Tech Solutions Limited,nil
ENIL,Entertainment Network (India) Limited,nil
SADBHIN,Sadbhav Infrastructure Project Limited,nil
BHAGERIA,Bhageria Industries Limited,nil
KICL,Kalyani Investment Company Limited,nil
AVTNPL,AVT Natural Products Limited,nil
TAJGVK,Taj GVK Hotels & Resorts Limited,nil
AWHCL,Antony Waste Handling Cell Limited,nil
DCW,DCW Limited,nil
DATAMATICS,Datamatics Global Services Limited,nil
JAYNECOIND,Jayaswal Neco Industries Limited,nil
TAKE,Take Solutions Limited,nil
KITEX,Kitex Garments Limited,nil
SMLISUZU,SML Isuzu Limited,nil
APEX,Apex Frozen Foods Limited,nil
VADILALIND,Vadilal Industries Limited,nil
SUTLEJTEX,Sutlej Textiles and Industries Limited,nil
RPGLIFE,RPG Life Sciences Limited,nil
5PAISA,5Paisa Capital Limited,nil
SPENCERS,Spencer's Retail Limited,nil
BBL,Bharat Bijlee Limited,nil
WENDT,Wendt (India) Limited,nil
LIKHITHA,Likhitha Infrastructure Limited,nil
CEREBRAINT,Cerebra Integrated Technologies Limited,nil
GICHSGFIN,GIC Housing Finance Limited,nil
SKIPPER,Skipper Limited,nil
GRAVITA,Gravita India Limited,nil
RBL,Rane Brake Lining Limited,nil
CANTABIL,Cantabil Retail India Limited,nil
ZENTEC,Zen Technologies Limited,nil
TIPSINDLTD,TIPS Industries Limited,nil
MUTHOOTCAP,Muthoot Capital Services Limited,nil
NURECA,Nureca Limited,nil
DYNAMATECH,Dynamatic Technologies Limited,nil
PLASTIBLEN,Plastiblends India Limited,nil
SPIC,Southern Petrochemicals Industries Corporation  Limited,nil
UNIENTER,Uniphos Enterprises Limited,nil
DYNPRO,Dynemic Products Limited,nil
ALICON,Alicon Castalloy Limited,nil
KUANTUM,Kuantum Papers Limited,nil
DBREALTY,D B Realty Limited,nil
SUMMITSEC,Summit Securities Limited,nil
ANUP,The Anup Engineering Limited,nil
DECCANCE,Deccan Cements Limited,nil
DWARKESH,Dwarikesh Sugar Industries Limited,nil
BALAJITELE,Balaji Telefilms Limited,nil
HARITASEAT,Harita Seating Systems Limited,nil
NATHBIOGEN,Nath Bio-Genes (India) Limited,nil
KABRAEXTRU,Kabra Extrusion Technik Limited,nil
VSSL,Vardhman Special Steels Limited,nil
VHL,Vardhman Holdings Limited,nil
NELCAST,Nelcast Limited,nil
MUNJALSHOW,Munjal Showa Limited,nil
RGL,Renaissance Global Limited,nil
CENTENKA,Century Enka Limited,nil
KOKUYOCMLN,Kokuyo Camlin Limited,nil
RIIL,Reliance Industrial Infrastructure Limited,nil
MIRZAINT,Mirza International Limited,nil
PATELENG,Patel Engineering Limited,nil
NSIL,Nalwa Sons Investments Limited,nil
EXPLEOSOL,Expleo Solutions Limited,nil
MUNJALAU,Munjal Auto Industries Limited,nil
RAMKY,Ramky Infrastructure Limited,nil
APCL,Anjani Portland Cement Limited,nil
UNIDT,United Drilling Tools Limited,nil
TWL,Titagarh Wagons Limited,nil
GAYAPROJ,Gayatri Projects Limited,nil
EBIXFOREX,EBIXCASH WORLD MONEY INDIA LIMITED,nil
SHALPAINTS,Shalimar Paints Limited,nil
BALAXI,BALAXI PHARMACEUTICALS LIMITED,nil
ORIENTPPR,Orient Paper & Industries Limited,nil
ARMANFIN,Arman Financial Services Limited,nil
RML,Rane (Madras) Limited,nil
AMBIKCO,Ambika Cotton Mills Limited,nil
SALASAR,Salasar Techno Engineering Limited,nil
TFCILTD,Tourism Finance Corporation of India Limited,nil
JAYBARMARU,Jay Bharat Maruti Limited,nil
INDRAMEDCO,Indraprastha Medical Corporation Limited,nil
DHFL,Dewan Housing Finance Corporation Limited,nil
SANDESH,The Sandesh Limited,nil
CENTUM,Centum Electronics Limited,nil
SUULD,Suumaya Industries Limited,nil
HTMEDIA,HT Media Limited,nil
ALLSEC,Allsec Technologies Limited,nil
NBIFIN,N. B. I. Industrial Finance Company Limited,nil
RICOAUTO,Rico Auto Industries Limited,nil
STEELXIND,STEEL EXCHANGE INDIA LIMITED,nil
THEINVEST,The Investment Trust Of India Limited,nil
RCOM,Reliance Communications Limited,nil
MONTECARLO,Monte Carlo Fashions Limited,nil
NAVKARCORP,Navkar Corporation Limited,nil
BINDALAGRO,Oswal Chemicals & Fertilizers Limited,nil
TDPOWERSYS,TD Power Systems Limited,nil
MANINDS,Man Industries (India) Limited,nil
KOPRAN,Kopran Limited,nil
NITINSPIN,Nitin Spinners Limited,nil
LINCOLN,Lincoln Pharmaceuticals Limited,nil
EVERESTIND,Everest Industries Limited,nil
PRECWIRE,Precision Wires India Limited,nil
SATIN,Satin Creditcare Network Limited,nil
STCINDIA,The State Trading Corporation of India Limited,nil
ASIANTILES,Asian Granito India Limited,nil
VISHWARAJ,Vishwaraj Sugar Industries Limited,nil
HMVL,Hindustan Media Ventures Limited,nil
RSWM,RSWM Limited,nil
TNPETRO,Tamilnadu PetroProducts Limited,nil
UNIVCABLES,Universal Cables Limited,nil
SANGHVIMOV,Sanghvi Movers Limited,nil
SORILINFRA,SORIL Infra Resources Limited,nil
HITECH,Hi-Tech Pipes Limited,nil
GULPOLY,Gulshan Polyols Limited,nil
UNITECH,Unitech Limited,nil
NELCO,NELCO Limited,nil
V2RETAIL,V2 Retail Limited,nil
INDSWFTLAB,Ind-Swift Laboratories Limited,nil
REPRO,Repro India Limited,nil
SHREEPUSHK,Shree Pushkar Chemicals & Fertilisers Limited,nil
BCG,Brightcom Group Limited,nil
AJMERA,Ajmera Realty & Infra India Limited,nil
NECLIFE,Nectar Lifesciences Limited,nil
BLKASHYAP,B. L. Kashyap and Sons Limited,nil
RUSHIL,Rushil Decor Limited,nil
TBZ,Tribhovandas Bhimji Zaveri Limited,nil
THEJO,Thejo Engineering Limited,nil
HEXATRADEX,Hexa Tradex Limited,nil
JAYAGROGN,Jayant Agro Organics Limited,nil
ADORWELD,Ador Welding Limited,nil
PILITA,PIL ITALICA LIFESTYLE LIMITED,nil
MADRASFERT,Madras Fertilizers Limited,nil
ORIENTHOT,Oriental Hotels Limited,nil
TCPLPACK,TCPL Packaging Limited,nil
SRHHYPOLTD,Sree Rayalaseema Hi-Strength Hypo Limited,nil
JAIBALAJI,Jai Balaji Industries Limited,nil
NRAIL,N R Agarwal Industries Limited,nil
KANORICHEM,Kanoria Chemicals & Industries Limited,nil
MAHEPC,Mahindra EPC Irrigation Limited,nil
CONTROLPR,Control Print Limited,nil
SPAL,S. P. Apparels Limited,nil
ATULAUTO,Atul Auto Limited,nil
HINDCOMPOS,Hindustan Composites Limited,nil
SHRIRAMEPC,Shriram EPC Limited,nil
KAYA,Kaya Limited,nil
ROSSELLIND,Rossell India Limited,nil
ZUARI,Zuari Agro Chemicals Limited,nil
ASAHISONG,Asahi Songwon Colors Limited,nil
IFBAGRO,IFB Agro Industries Limited,nil
SAKSOFT,Saksoft Limited,nil
PRECAM,Precision Camshafts Limited,nil
NAGAFERT,Nagarjuna Fertilizers and Chemicals Limited,nil
NAHARSPING,Nahar Spinning Mills Limited,nil
KAMDHENU,Kamdhenu Limited,nil
DHANBANK,Dhanlaxmi Bank Limited,nil
DLINKINDIA,D-Link (India) Limited,nil
PARSVNATH,Parsvnath Developers Limited,nil
SCHAND,S Chand And Company Limited,nil
PGIL,Pearl Global Industries Limited,nil
AVADHSUGAR,Avadh Sugar & Energy Limited,nil
SASTASUNDR,Sastasundar Ventures Limited,nil
TI,Tilaknagar Industries Limited,nil
NDTV,New Delhi Television Limited,nil
HLVLTD,HLV LIMITED,nil
FEL,Future Enterprises Limited,nil
DICIND,DIC India Limited,nil
JASH,Jash Engineering Limited,nil
VIMTALABS,Vimta Labs Limited,nil
HERCULES,Hercules Hoists Limited,nil
XELPMOC,Xelpmoc Design And Tech Limited,nil
AKASH,Akash Infra-Projects Limited,nil
GALLANTT,Gallantt Metal Limited,nil
VIPULLTD,Vipul Limited,nil
REPL,Rudrabhishek Enterprises Limited,nil
SREEL,Sreeleathers Limited,nil
GANDHITUBE,Gandhi Special Tubes Limited,nil
INFOBEAN,InfoBeans Technologies Limited,nil
UTTAMSUGAR,Uttam Sugar Mills Limited,nil
DVL,Dhunseri Ventures Limited,nil
MAXIND,Max India Limited,nil
ARVSMART,Arvind SmartSpaces Limited,nil
ZOTA,Zota Health Care LImited,nil
VENUSREM,Venus Remedies Limited,nil
VISHNU,Vishnu Chemicals Limited,nil
ZEELEARN,Zee Learn Limited,nil
GOKEX,Gokaldas Exports Limited,nil
KDDL,KDDL Limited,nil
CYBERTECH,Cybertech Systems And Software Limited,nil
URJA,Urja Global Limited,nil
MANAKSIA,Manaksia Limited,nil
VASCONEQ,Vascon Engineers Limited,nil
BAFNAPH,Bafna Pharmaceuticals Limited,nil
BIRLATYRE,Birla Tyres Limited,nil
VERTOZ,Vertoz Advertising Limited,nil
GENESYS,Genesys International Corporation Limited,nil
HITECHGEAR,The Hi-Tech Gears Limited,nil
SANGAMIND,Sangam (India) Limited,nil
63MOONS,63 moons technologies limited,nil
VLSFINANCE,VLS Finance Limited,nil
BGRENERGY,BGR Energy Systems Limited,nil
AURIONPRO,Aurionpro Solutions Limited,nil
HPL,HPL Electric & Power Limited,nil
UCALFUEL,Ucal Fuel Systems Limited,nil
MIRCELECTR,MIRC Electronics Limited,nil
SWELECTES,Swelect Energy Systems Limited,nil
PPL,Prakash Pipes Limited,nil
ASHIMASYN,Ashima Limited,nil
ZEEMEDIA,Zee Media Corporation Limited,nil
MENONBE,Menon Bearings Limited,nil
GKWLIMITED,GKW Limited,nil
VARDHACRLC,Vardhman Acrylics Limited,nil
ORIENTBELL,Orient Bell Limited,nil
GSCLCEMENT,Gujarat Sidhee Cement Limited,nil
HCL-INSYS,HCL Infosystems Limited,nil
ARTEMISMED,Artemis Medicare Services Limited,nil
MEP,MEP Infrastructure Developers Limited,nil
HINDNATGLS,Hindusthan National Glass & Industries Limited,nil
MARATHON,Marathon Nextgen Realty Limited,nil
MSPL,MSP Steel & Power Limited,nil
ORICONENT,Oricon Enterprises Limited,nil
JUBLINDS,Jubilant Industries Limited,nil
CUPID,Cupid Limited,nil
FSC,Future Supply Chain Solutions Limited,nil
PPAP,PPAP Automotive Limited,nil
RUBYMILLS,The Ruby Mills Limited,nil
GANESHHOUC,Ganesh Housing Corporation Limited,nil
NAHARPOLY,Nahar Poly Films Limited,nil
RELCAPITAL,Reliance Capital Limited,nil
GOKULAGRO,Gokul Agro Resources Limited,nil
NIPPOBATRY,Indo-National Limited,nil
KHADIM,Khadim India Limited,nil
ADVANIHOTR,Advani Hotels & Resorts (India) Limited,nil
AHLWEST,Asian Hotels (West) Limited,nil
DPABHUSHAN,D. P. Abhushan Limited,nil
JINDRILL,Jindal Drilling And Industries Limited,nil
BCLIND,Bcl Industries Limited,nil
THEMISMED,Themis Medicare Limited,nil
GUJAPOLLO,Gujarat Apollo Industries Limited,nil
HARRMALAYA,Harrisons  Malayalam Limited,nil
PTL,PTL Enterprises Limited,nil
CHEMBOND,Chembond Chemicals Ltd,nil
PROZONINTU,Prozone Intu Properties Limited,nil
SREINFRA,SREI Infrastructure Finance Limited,nil
GOACARBON,Goa Carbon Limited,nil
TALBROAUTO,Talbros Automotive Components Limited,nil
ORIENTABRA,Orient Abrasives Limited,nil
INVENTURE,Inventure Growth & Securities Limited,nil
RAMANEWS,Shree Rama Newsprint Limited,nil
MCL,Madhav Copper Limited,nil
LASA,Lasa Supergenerics Limited,nil
CREST,Crest Ventures Limited,nil
BRNL,Bharat Road Network Limited,nil
EROSMEDIA,Eros International Media Limited,nil
MODIRUBBER,Modi Rubber Limited,nil
WALCHANNAG,Walchandnagar Industries Limited,nil
TVSELECT,TVS Electronics Limited,nil
CAREERP,Career Point Limited,nil
ZUARIGLOB,Zuari Global Limited,nil
SECURKLOUD,SECUREKLOUD TECHNOLOGIES LIMITED,nil
KRISHANA,Krishana Phoschem Limited,nil
AYMSYNTEX,AYM Syntex Limited,nil
PENIND,Pennar Industries Limited,nil
BIRLAMONEY,Aditya Birla Money Limited,nil
PDMJEPAPER,Pudumjee Paper Products Limited,nil
KOTARISUG,Kothari Sugars And Chemicals Limited,nil
ALANKIT,Alankit Limited,nil
PENINLAND,Peninsula Land Limited,nil
GIRRESORTS,GIR Natureview Resorts Limited,nil
HDIL,Housing Development and Infrastructure Limited,nil
LINCPEN,Linc Pen & Plastics Limited,nil
JPINFRATEC,Jaypee Infratech Limited,nil
VETO,Veto Switchgears And Cables Limited,nil
MAHESHWARI,Maheshwari Logistics Limited,nil
ADSL,Allied Digital Services Limited,nil
RNAVAL,Reliance Naval and Engineering Limited,nil
TRIL,Transformers And Rectifiers (India) Limited,nil
OMINFRAL,OM INFRA LIMITED,nil
LIBERTSHOE,Liberty Shoes Limited,nil
MMP,MMP Industries Limited,nil
MBAPL,Madhya Bharat Agro Products Limited,nil
ALBERTDAVD,Albert David Limited,nil
BRFL,Bombay Rayon Fashions Limited,nil
VINYLINDIA,Vinyl Chemicals (India) Limited,nil
PITTIENG,Pitti Engineering Limited,nil
KHAICHEM,Khaitan Chemicals & Fertilizers Limited,nil
HITECHCORP,Hitech Corporation Limited,nil
GEECEE,GeeCee Ventures Limited,nil
SDBL,Som Distilleries & Breweries Limited,nil
SPTL,Sintex Plastics Technology Limited,nil
JAGSNPHARM,Jagsonpal Pharmaceuticals Limited,nil
ZODIACLOTH,Zodiac Clothing Company Limited,nil
MBLINFRA,MBL Infrastructures Limited,nil
BIL,Bhartiya International Limited,nil
KANPRPLA,Kanpur Plastipack Limited,nil
SILINV,SIL Investments Limited,nil
WANBURY,Wanbury Limited,nil
SINTERCOM,Sintercom India Limited,nil
SELAN,Selan Exploration Technology Limited,nil
SARLAPOLY,Sarla Performance Fibers Limited,nil
SINTEX,Sintex Industries Limited,nil
PODDARMENT,Poddar Pigments Limited,nil
MCLEODRUSS,Mcleod Russel India Limited,nil
WINDMACHIN,Windsor Machines Limited,nil
UFO,UFO Moviez India Limited,nil
HIRECT,Hind Rectifiers Limited,nil
REFEX,Refex Industries Limited,nil
SALZERELEC,Salzer Electronics Limited,nil
VIKASMCORP,Vikas Multicorp Limited,nil
UGARSUGAR,The Ugar Sugar Works Limited,nil
AIRAN,Airan Limited,nil
EIMCOELECO,Eimco Elecon (India) Limited,nil
BASML,Bannari Amman Spinning Mills Limited,nil
EIFFL,Euro India Fresh Foods Limited,nil
JAYSREETEA,Jayshree Tea & Industries Limited,nil
ASTRON,Astron Paper & Board Mill Limited,nil
TRIGYN,Trigyn Technologies Limited,nil
AKSHARCHEM,AksharChem India Limited,nil
APOLLO,Apollo Micro Systems Limited,nil
KOTHARIPRO,Kothari Products Limited,nil
MAJESCO,Majesco Limited,nil
STARPAPER,Star Paper Mills Limited,nil
SETCO,Setco Automotive Limited,nil
ONWARDTEC,Onward Technologies Limited,nil
GENCON,Generic Engineering Construction and Projects Limited,nil
CONSOFINVT,Consolidated Finvest & Holdings Limited,nil
GULFPETRO,GP Petroleums Limited,nil
SHIVATEX,Shiva Texyarn Limited,nil
GENUSPAPER,Genus Paper & Boards Limited,nil
AHLEAST,Asian Hotels (East) Limited,nil
BIRLACABLE,Birla Cable Limited,nil
MAZDA,Mazda Limited,nil
DTIL,Dhunseri Tea & Industries Limited,nil
SHIVAMAUTO,Shivam Autotech Limited,nil
GOKUL,Gokul Refoils and Solvent Limited,nil
SPECIALITY,Speciality Restaurants Limited,nil
CHEMFAB,Chemfab Alkalis Limited,nil
INSPIRISYS,Inspirisys Solutions Limited,nil
SHEMAROO,Shemaroo Entertainment Limited,nil
SAKAR,Sakar Healthcare Limited,nil
RANEENGINE,Rane Engine Valve Limited,nil
NAHARINDUS,Nahar Industrial Enterprises Limited,nil
NAHARCAP,Nahar Capital and Financial Services Limited,nil
SIMPLEXINF,Simplex Infrastructures Limited,nil
UNIVPHOTO,Universus Photo Imagings Limited,nil
ROHLTD,Royal Orchid Hotels Limited,nil
ABAN,Aban Offshore Limited,nil
BANSWRAS,Banswara Syntex Limited,nil
NILAINFRA,Nila Infrastructures Limited,nil
KREBSBIO,Krebs Biochemicals and Industries Limited,nil
KCPSUGIND,KCP Sugar and Industries Corporation Limited,nil
RAJTV,Raj Television Network Limited,nil
NIRAJ,Niraj Cement Structurals Limited,nil
PREMEXPLN,Premier Explosives Limited,nil
AGARIND,Agarwal Industrial Corporation Limited,nil
DHUNINV,Dhunseri Investments Limited,nil
BBTCL,B&B Triplewall Containers Limited,nil
ESSARSHPNG,Essar Shipping Limited,nil
EMKAY,Emkay Global Financial Services Limited,nil
DCMNVL,DCM Nouvelle Limited,nil
MANGALAM,Mangalam Drugs And Organics Limited,nil
ANDHRACEMT,Andhra Cements Limited,nil
ISMTLTD,ISMT Limited,nil
GREENPOWER,Orient Green Power Company Limited,nil
ORBTEXP,Orbit Exports Limited,nil
BIGBLOC,Bigbloc Construction Limited,nil
SHREYAS,Shreyas Shipping & Logistics Limited,nil
MANAKSTEEL,Manaksia Steels Limited,nil
DONEAR,Donear Industries Limited,nil
CAPTRUST,Capital Trust Limited,nil
BHARATWIRE,Bharat Wire Ropes Limited,nil
KOTHARIPET,Kothari Petrochemicals Limited,nil
3RDROCK,3rd Rock Multimedia Limited,nil
GOODLUCK,Goodluck India Limited,nil
TIL,TIL Limited,nil
WELINV,Welspun Investments and Commercials Limited,nil
BROOKS,Brooks Laboratories Limited,nil
STEL,Stel Holdings Limited,nil
NDL,Nandan Denim Limited,nil
PARACABLES,Paramount Communications Limited,nil
RUCHIRA,Ruchira Papers Limited,nil
AXISCADES,AXISCADES Technologies Limited,nil
ASPINWALL,Aspinwall and Company Limited,nil
SOUTHWEST,South West Pinnacle Exploration Limited,nil
UNITEDTEA,The United Nilgiri Tea Estates Company Limited,nil
SMSLIFE,SMS Lifesciences India Limited,nil
EMMBI,Emmbi Industries Limited,nil
RANASUG,Rana Sugars Limited,nil
APOLSINHOT,Apollo Sindoori Hotels Limited,nil
BSHSL,Bombay Super Hybrid Seeds Limited,nil
ARIHANTSUP,Arihant Superstructures Limited,nil
IRISDOREME,Iris Clothings Limited,nil
DPWIRES,D P Wires Limited,nil
REVATHI,Revathi Equipment Limited,nil
RKEC,RKEC Projects Limited,nil
PIONDIST,Pioneer Distilleries Limited,nil
MAGADSUGAR,Magadh Sugar & Energy Limited,nil
ELECTHERM,Electrotherm (India) Limited,nil
SHREYANIND,Shreyans Industries Limited,nil
MAWANASUG,Mawana Sugars Limited,nil
BHAGYANGR,Bhagyanagar India Limited,nil
HINDMOTORS,Hindustan Motors Limited,nil
NITCO,Nitco Limited,nil
SUNDRMBRAK,Sundaram Brake Linings Limited,nil
GINNIFILA,Ginni Filaments Limited,nil
VIDEOIND,Videocon Industries Limited,nil
OSWALAGRO,Oswal Agro Mills Limited,nil
CEBBCO,Commercial Engineers & Body Builders Co Limited,nil
BALLARPUR,Ballarpur Industries Limited,nil
SUPERHOUSE,Superhouse Limited,nil
MBECL,Mcnally Bharat Engineering Company Limited,nil
WEALTH,Wealth First Portfolio Managers Limited,nil
MARALOVER,Maral Overseas Limited,nil
VIVIMEDLAB,Vivimed Labs Limited,nil
EMKAYTOOLS,Emkay Taps and Cutting Tools Limited,nil
DENORA,De Nora India Limited,nil
ROML,Raj Oil Mills Limited,nil
ELGIRUBCO,Elgi Rubber Company Limited,nil
DANGEE,Dangee Dums Limited,nil
WEBELSOLAR,Websol Energy System Limited,nil
AAKASH,Aakash Exploration Services Limited,nil
KAKATCEM,Kakatiya Cement Sugar & Industries Limited,nil
UMANGDAIRY,Umang Dairies Limited,nil
PRECOT,Precot Limited,nil
CLEDUCATE,CL Educate Limited,nil
RPPINFRA,R.P.P. Infra Projects Limited,nil
JHS,JHS Svendgaard Laboratories Limited,nil
JOCIL,Jocil Limited,nil
PONNIERODE,Ponni Sugars (Erode) Limited,nil
SIL,Standard Industries Limited,nil
IITL,Industrial Investment Trust Limited,nil
AUTOIND,Autoline Industries Limited,nil
KILITCH,Kilitch Drugs (India) Limited,nil
INDTERRAIN,Indian Terrain Fashions Limited,nil
20MICRONS,20 Microns Limited,nil
JMTAUTOLTD,JMT Auto Limited,nil
SKMEGGPROD,SKM Egg Products Export (India) Limited,nil
SEYAIND,Seya Industries Limited,nil
MAHASTEEL,Mahamaya Steel Industries Limited,nil
PASHUPATI,Pashupati Cotspin Limited,nil
LOVABLE,Lovable Lingerie Limited,nil
JBFIND,JBF Industries Limited,nil
CREATIVE,Creative Peripherals and Distribution Limited,nil
RUCHINFRA,Ruchi Infrastructure Limited,nil
COMPINFO,Compuage Infocom Limited,nil
TPLPLASTEH,TPL Plastech Limited,nil
PENTAGOLD,Penta Gold Limited,nil
IVC,IL&FS Investment Managers Limited,nil
PODDARHOUS,Poddar Housing and Development Limited,nil
AHLADA,Ahlada Engineers Limited,nil
RAMASTEEL,Rama Steel Tubes Limited,nil
TOUCHWOOD,Touchwood Entertainment Limited,nil
RHFL,Reliance Home Finance Limited,nil
VIPCLOTHNG,VIP Clothing Limited,nil
ASIANHOTNR,Asian Hotels (North) Limited,nil
SHYAMCENT,Shyam Century Ferrous Limited,nil
BETA,Beta Drugs Limited,nil
MGEL,Mangalam Global Enterprise Limited,nil
MOLDTECH,Mold-Tek Technologies Limited,nil
TCIDEVELOP,TCI Developers Limited,nil
SHRENIK,Shrenik Limited,nil
DRCSYSTEMS,DRC Systems India Limited,nil
ALPHAGEO,Alphageo (India) Limited,nil
SAKUMA,Sakuma Exports Limited,nil
SAKHTISUG,Sakthi Sugars Limited,nil
NOIDATOLL,Noida Toll Bridge Company Limited,nil
NDRAUTO,Ndr Auto Components Limited,nil
SMARTLINK,Smartlink Holdings Limited,nil
HUBTOWN,Hubtown Limited,nil
BPL,BPL Limited,nil
FCSSOFT,FCS Software Solutions Limited,nil
EMAMIREAL,Emami Realty Limited,nil
DRSDILIP,DRS Dilip Roadlines Limited,nil
PRIMESECU,Prime Securities Limited,nil
UTTAMSTL,Uttam Galva Steels Limited,nil
RAJMET,Rajnandini Metal Limited,nil
DEEPENR,DEEP ENERGY RESOURCES LIMITED,nil
SILVERTUC,Silver Touch Technologies Limited,nil
KMSUGAR,K.M.Sugar Mills Limited,nil
BIOFILCHEM,Biofil Chemicals & Pharmaceuticals Limited,nil
MINDTECK,Mindteck (India) Limited,nil
GRPLTD,GRP Limited,nil
GPTINFRA,GPT Infraprojects Limited,nil
DUCON,Ducon Infratechnologies Limited,nil
PIONEEREMB,Pioneer Embroideries Limited,nil
ICEMAKE,Ice Make Refrigeration Limited,nil
MAANALU,Maan Aluminium Limited,nil
KSOLVES,Ksolves India Limited,nil
LSIL,Lloyds Steels Industries Limited,nil
PRAXIS,Praxis Home Retail Limited,nil
INNOVANA,Innovana Thinklabs Limited,nil
PAVNAIND,Pavna Industries Limited,nil
MURUDCERA,Murudeshwar Ceramics Limited,nil
ARIES,Aries Agro Limited,nil
IVP,IVP Limited,nil
KAPSTON,Kapston Facilities Management Limited,nil
ISFT,Intrasoft Technologies Limited,nil
SOFTTECH,Softtech Engineers Limited,nil
TEMBO,Tembo Global Industries Limited,nil
TTL,T T Limited,nil
RVHL,Ravinder Heights Limited,nil
SPLIL,SPL Industries Limited,nil
MOTOGENFIN,The Motor & General Finance Limited,nil
ARROWGREEN,Arrow Greentech Limited,nil
TRF,TRF Limited,nil
GROBTEA,The Grob Tea Company Limited,nil
MAHAPEXLTD,Maha Rashtra Apex Corporation Limited,nil
ANSALAPI,Ansal Properties & Infrastructure Limited,nil
PALREDTEC,Palred Technologies Limited,nil
BHAGYAPROP,Bhagyanagar Properties Limited,nil
RPPL,Rajshree Polypack Limited,nil
INDOTECH,Indo Tech Transformers Limited,nil
MACPOWER,Macpower CNC Machines Limited,nil
PANSARI,Pansari Developers Limited,nil
AMJLAND,Amj Land Holdings Limited,nil
LGBFORGE,LGB Forge Limited,nil
ADHUNIKIND,Adhunik Industries Limited,nil
GSS,GSS Infotech Limited,nil
SIGIND,Signet Industries Limited,nil
CINELINE,Cineline India Limited,nil
GILLANDERS,Gillanders Arbuthnot & Company Limited,nil
OPTOCIRCUI,Opto Circuits (India) Limited,nil
AKSHOPTFBR,Aksh Optifibre Limited,nil
CORALFINAC,Coral India Finance & Housing Limited,nil
OMAXAUTO,Omax Autos Limited,nil
XPROINDIA,Xpro India Limited,nil
SPECTRUM,Spectrum Electrical Industries Limited,nil
LOTUSEYE,Lotus Eye Hospital and Institute Limited,nil
JINDALPHOT,Jindal Photo Limited,nil
OSIAHYPER,Osia Hyper Retail Limited,nil
KERNEX,Kernex Microsystems (India) Limited,nil
GTL,GTL Limited,nil
KECL,Kirloskar Electric Company Limited,nil
REMSONSIND,Remsons Industries Limited,nil
GEEKAYWIRE,Geekay Wires Limited,nil
URAVI,Uravi T and Wedge Lamps Limited,nil
SVLL,Shree Vasu Logistics Limited,nil
INDIANCARD,Indian Card Clothing Company Limited,nil
ORIENTLTD,Orient Press Limited,nil
MANAKCOAT,Manaksia Coated Metals & Industries Limited,nil
ALMONDZ,Almondz Global Securities Limited,nil
AARVI,Aarvi Encon Limited,nil
INDOSOLAR,Indosolar Limited,nil
PAR,Par Drugs and Chemicals Limited,nil
BALPHARMA,Bal Pharma Limited,nil
WORTH,Worth Peripherals Limited,nil
ALPA,Alpa Laboratories Limited,nil
ACCURACY,Accuracy Shipping Limited,nil
WEIZMANIND,Weizmann Limited,nil
VISASTEEL,Visa Steel Limited,nil
HOVS,HOV Services Limited,nil
LYKALABS,Lyka Labs Limited,nil
SHIVAUM,Shiv Aum Steels Limited,nil
PREMIERPOL,Premier Polyfilm Limited,nil
SITINET,Siti Networks Limited,nil
NDGL,Naga Dhunseri Group Limited,nil
BYKE,The Byke Hospitality Ltd,nil
JMA,Jullundur Motor Agency (Delhi) Limited,nil
TEXMOPIPES,Texmo Pipes and Products Limited,nil
KALYANIFRG,Kalyani Forge Limited,nil
INTENTECH,Intense Technologies Limited,nil
AKG,Akg Exim Limited,nil
GOLDENTOBC,Golden Tobacco Limited,nil
COMPUSOFT,Compucom Software Limited,nil
KAMATHOTEL,Kamat Hotels (I) Limited,nil
IL&FSTRANS,IL&FS Transportation Networks Limited,nil
LCCINFOTEC,LCC Infotech Limited,nil
PANACHE,Panache Digilife Limited,nil
FMNL,Future Market Networks Limited,nil
DSSL,Dynacons Systems & Solutions Limited,nil
ABMINTLTD,ABM International Limited,nil
PKTEA,The Peria Karamalai Tea & Produce Company Limited,nil
BHARATGEAR,Bharat Gears Limited,nil
SUPREMEENG,Supreme Engineering Limited,nil
IZMO,IZMO Limited,nil
CCHHL,Country Club Hospitality & Holidays Limited,nil
TOKYOPLAST,Tokyo Plast International Limited,nil
A2ZINFRA,A2Z Infra Engineering Limited,nil
GAMMNINFRA,Gammon Infrastructure Projects Limited,nil
MAHICKRA,Mahickra Chemicals Limited,nil
KRITIKA,Kritika Wires Limited,nil
ARCHIDPLY,Archidply Industries Limited,nil
MUKTAARTS,Mukta Arts Limited,nil
CMICABLES,CMI Limited,nil
LIBAS,Libas Consumer Products Limited,nil
VIKASECO,Vikas EcoTech Limited,nil
AROGRANITE,Aro Granite Industries Limited,nil
AUSOMENT,Ausom Enterprise Limited,nil
TOTAL,Total Transport Systems Limited,nil
DEVIT,Dev Information Technology Limited,nil
RSSOFTWARE,R. S. Software (India) Limited,nil
BANKA,Banka BioLoo Limited,nil
SONAMCLOCK,Sonam Clock Limited,nil
ARVEE,Arvee Laboratories (India) Limited,nil
HISARMETAL,Hisar Metal Industries Limited,nil
SICAL,Sical Logistics Limited,nil
SRPL,Shree Ram Proteins Limited,nil
PNC,Pritish Nandy Communications Limited,nil
SHREERAMA,Shree Rama Multi-Tech Limited,nil
GANGESSECU,Ganges Securities Limited,nil
GOENKA,Goenka Diamond and Jewels Limited,nil
BDR,BDR Buildcon Limited,nil
SILGO,Silgo Retail Limited,nil
TARMAT,Tarmat Limited,nil
MCDHOLDING,McDowell Holdings Limited,nil
JAKHARIA,JAKHARIA FABRIC LIMITED,nil
AARON,Aaron Industries Limited,nil
SICAGEN,Sicagen India Limited,nil
PARIN,Parin Furniture Limited,nil
SUNDARAM,Sundaram Multi Pap Limited,nil
MANAKALUCO,Manaksia Aluminium Company Limited,nil
ROLLT,Rollatainers Limited,nil
E2E,E2E Networks Limited,nil
LOKESHMACH,Lokesh Machines Limited,nil
INDBANK,Indbank Merchant Banking Services Limited,nil
DAMODARIND,Damodar Industries Limited,nil
SURANAT&P,Surana Telecom and Power Limited,nil
INDOTHAI,Indo Thai Securities Limited,nil
IMAGICAA,Imagicaaworld Entertainment Limited,nil
SAGARDEEP,Sagardeep Alloys Limited,nil
SKIL,SKIL Infrastructure Limited,nil
MITCON,MITCON Consultancy & Engineering Services Limited,nil
WFL,Wonder Fibromats Limited,nil
AVG,AVG Logistics Limited,nil
SARVESHWAR,Sarveshwar Foods Limited,nil
PRAENG,Prajay Engineers Syndicate Limited,nil
GLOBALVECT,Global Vectra Helicorp Limited,nil
ROLTA,Rolta India Limited,nil
ATLANTA,Atlanta  Limited,nil
JYOTISTRUC,Jyoti Structures Limited,nil
MOKSH,Moksh Ornaments Limited,nil
TAINWALCHM,Tainwala Chemical and Plastic (I) Limited,nil
NILASPACES,Nila Spaces Limited,nil
STEELCITY,Steel City Securities Limited,nil
ASAL,Automotive Stampings and Assemblies Limited,nil
GODHA,Godha Cabcon & Insulation Limited,nil
MORARJEE,Morarjee Textiles Limited,nil
CORDSCABLE,Cords Cable Industries Limited,nil
WIPL,The Western India Plywoods Limited,nil
ALKALI,Alkali Metals Limited,nil
LAMBODHARA,Lambodhara Textiles Limited,nil
PRESSMN,Pressman Advertising Limited,nil
PUNJLLOYD,Punj Lloyd Limited,nil
CTE,Cambridge Technology Enterprises Limited,nil
FLEXITUFF,Flexituff Ventures International Limited,nil
RAJSREESUG,Rajshree Sugars & Chemicals Limited,nil
GLOBE,Globe Textiles (India) Limited,nil
BEDMUTHA,Bedmutha Industries Limited,nil
SALONA,Salona Cotspin Limited,nil
SURYALAXMI,Suryalakshmi Cotton Mills Limited,nil
UJAAS,Ujaas Energy Limited,nil
NITIRAJ,Nitiraj Engineers Limited,nil
HPIL,Hindprakash Industries Limited,nil
SUMEETINDS,Sumeet Industries Limited,nil
PALASHSECU,Palash Securities Limited,nil
TERASOFT,Tera Software Limited,nil
OSWALSEEDS,ShreeOswal Seeds And Chemicals Limited,nil
MRO-TEK,MRO-TEK Realty Limited,nil
MRO,M.R. Organisation Limited,nil
MTEDUCARE,MT Educare Limited,nil
NIBL,NRB Industrial Bearings Limited,nil
GANGAFORGE,Ganga Forging Limited,nil
DCM,DCM  Limited,nil
TARACHAND,Tara Chand Logistic Solutions Limited,nil
SURANASOL,Surana Solar Limited,nil
MALUPAPER,Malu Paper Mills Limited,nil
MHHL,Mohini Health & Hygiene Limited,nil
SHRADHA,Shradha Infraprojects Limited,nil
UNIVASTU,Univastu India Limited,nil
ARSSINFRA,ARSS Infrastructure Projects Limited,nil
MADHAV,Madhav Marbles and Granites Limited,nil
MEGASOFT,Megasoft Limited,nil
TIRUPATI,Shree Tirupati Balajee FIBC Limited,nil
ENERGYDEV,Energy Development Company Limited,nil
DGCONTENT,Digicontent Limited,nil
CNOVAPETRO,CIL Nova Petrochemicals Limited,nil
AARVEEDEN,Aarvee Denims & Exports Limited,nil
PATINTLOG,Patel Integrated Logistics Limited,nil
KANANIIND,Kanani Industries Limited,nil
BAGFILMS,B.A.G Films and Media Limited,nil
AIROLAM,Airo Lam limited,nil
SANWARIA,Sanwaria Consumer Limited,nil
NECCLTD,North Eastern Carrying Corporation Limited,nil
ANIKINDS,Anik Industries Limited,nil
ARTNIRMAN,Art Nirman Limited,nil
BVCL,Barak Valley Cements Limited,nil
SHAIVAL,Shaival Reality Limited,nil
VARDMNPOLY,Vardhman Polytex Limited,nil
SAMBHAAV,Sambhaav Media Limited,nil
IL&FSENGG,IL&FS Engineering and Construction Company Limited,nil
ZENITHEXPO,Zenith Exports Limited,nil
KEYFINSERV,Keynote Financial Services Limited,nil
MDL,Marvel Decor Limited,nil
KHFM,Khfm Hospitality And Facility Management Services Limited,nil
SERVOTECH,Servotech Power Systems Limited,nil
GLOBAL,Global Education Limited,nil
MADHUCON,Madhucon Projects Limited,nil
SHIVAMILLS,Shiva Mills Limited,nil
BANG,Bang Overseas Limited,nil
AAATECH,Aaa Technologies Limited,nil
SOMICONVEY,Somi Conveyor Beltings Limited,nil
SPMLINFRA,SPML Infra Limited,nil
MANUGRAPH,Manugraph India Limited,nil
KRIDHANINF,Kridhan Infra Limited,nil
TREJHARA,TREJHARA SOLUTIONS LIMITED,nil
VAISHALI,Vaishali Pharma Limited,nil
DELTAMAGNT,Delta Manufacturing Limited,nil
CINEVISTA,Cinevista Limited,nil
ARCHIES,Archies Limited,nil
ASCOM,Ascom Leasing & Investments Limited,nil
CENTEXT,Century Extrusions Limited,nil
LGHL,Laxmi Goldorna House Limited,nil
BSL,BSL Limited,nil
INDOWIND,Indowind Energy Limited,nil
BLBLIMITED,BLB Limited,nil
AMDIND,AMD Industries Limited,nil
SANGINITA,Sanginita Chemicals Limited,nil
MKPL,M K Proteins Limited,nil
AISL,ANI Integrated Services Limited,nil
BANARBEADS,Banaras Beads Limited,nil
BHANDARI,Bhandari Hosiery Exports Limited,nil
ONEPOINT,One Point One Solutions Limited,nil
VINNY,Vinny Overseas Limited,nil
BCONCEPTS,Brand Concepts Limited,nil
ANSALHSG,Ansal Housing Limited,nil
TREEHOUSE,Tree House Education & Accessories Limited,nil
AJOONI,Ajooni Biotech Limited,nil
GAL,Gyscoal Alloys Limited,nil
DBSTOCKBRO,DB (International) Stock Brokers Limited,nil
VASWANI,Vaswani Industries Limited,nil
LATTEYS,Latteys Industries Limited,nil
EDUCOMP,Educomp Solutions Limited,nil
SIMBHALS,Simbhaoli Sugars Limited,nil
SUMIT,Sumit Woods Limited,nil
UNITEDPOLY,United Polyfab Gujarat Limited,nil
TIRUPATIFL,Tirupati Forge Limited,nil
GIRIRAJ,Giriraj Civil Developers Limited,nil
SANGHVIFOR,Sanghvi Forging and Engineering Limited,nil
DCI,DC Infotech and Communication Limited,nil
SIKKO,Sikko Industries Limited,nil
PIGL,Power & Instrumentation (Gujarat) Limited,nil
AURDIS,Aurangabad Distillery Limited,nil
BEARDSELL,Beardsell Limited,nil
TMRVL,The Mandhana Retail Ventures Limited,nil
CELEBRITY,Celebrity Fashions Limited,nil
VCL,Vaxtex Cotfab Limited,nil
SALSTEEL,S.A.L. Steel Limited,nil
UCL,Ushanti Colour Chem Limited,nil
LPDC,Landmark Property Development Company Limited,nil
SHANTI,Shanti Overseas (India) Limited,nil
LAGNAM,Lagnam Spintex Limited,nil
KGL,Karuturi Global Limited,nil
NANDANI,Nandani Creation Limited,nil
LFIC,Lakshmi Finance & Industrial Corporation Limited,nil
ORTINLAB,Ortin Laboratories Limited,nil
GUJRAFFIA,Gujarat Raffia Industries Limited,nil
HINDCON,Hindcon Chemicals Limited,nil
OILCOUNTUB,Oil Country Tubular Limited,nil
LEXUS,Lexus Granito (India) Limited,nil
PRITI,Priti International Limited,nil
RELIABLE,Reliable Data Services Limited,nil
KEERTI,Keerti Knowledge and Skills Limited,nil
FOCUS,Focus Lighting and Fixtures Limited,nil
CUBEXTUB,Cubex Tubings Limited,nil
MERCATOR,Mercator Limited,nil
HECPROJECT,HEC Infra Projects Limited,nil
OMKARCHEM,Omkar Speciality Chemicals Limited,nil
BRIGHT,Bright Solar Limited,nil
AGROPHOS,Agro Phos India Limited,nil
PEARLPOLY,Pearl Polymers Limited,nil
GOLDSTAR,Goldstar Power Limited,nil
NEXTMEDIA,Next Mediaworks Limited,nil
AMBANIORG,Ambani Organics Limited,nil
FELIX,Felix Industries Limited,nil
HUSYSLTD,Husys Consulting Limited,nil
SUPERSPIN,Super Spinning Mills Limited,nil
EXCEL,Excel Realty N Infra Limited,nil
SGL,STL Global Limited,nil
METALFORGE,Metalyst Forgings Limited,nil
DHARSUGAR,Dharani Sugars & Chemicals Limited,nil
MANGTIMBER,Mangalam Timber Products Limited,nil
BALKRISHNA,Balkrishna Paper Mills Limited,nil
TIMESGTY,Times Guaranty Limited,nil
KSHITIJPOL,Kshitij Polyline Limited,nil
UNIINFO,Uniinfo Telecom Services Limited,nil
PROLIFE,Prolife Industries Limited,nil
ZODIAC,Zodiac Energy Limited,nil
VIVIDHA,Visagar Polytex Limited,nil
ROHITFERRO,Rohit Ferro-Tech Limited,nil
JITFINFRA,JITF Infralogistics Limited,nil
DIAPOWER,Diamond Power Infra Ltd,nil
SONAHISONA,Sona Hi Sona Jewellers (Gujarat) Limited,nil
MMNL,MIG Media Neurons Limited,nil
MUKANDENGG,Mukand Engineers Limited,nil
RMCL,Radha Madhav Corporation Limited,nil
WILLAMAGOR,Williamson Magor & Company Limited,nil
COX&KINGS,Cox & Kings Limited,nil
MILTON,Milton Industries Limited,nil
NAGREEKEXP,Nagreeka Exports Limited,nil
SILLYMONKS,Silly Monks Entertainment Limited,nil
SOMATEX,Soma Textiles & Industries Limited,nil
TIJARIA,Tijaria Polypipes Limited,nil
SEZAL,Sezal Glass Limited,nil
MAGNUM,Magnum Ventures Limited,nil
AGRITECH,Agri-Tech (India) Limited,nil
JETFREIGHT,Jet Freight Logistics Limited,nil
SIGMA,Sigma Solve Limited,nil
BURNPUR,Burnpur Cement Limited,nil
AVSL,AVSL Industries Limited,nil
RKDL,Ravi Kumar Distilleries Limited,nil
LAXMICOT,Laxmi Cotspin Limited,nil
MARSHALL,Marshall Machines Limited,nil
ORIENTALTL,Oriental Trimex Limited,nil
KHANDSE,Khandwala Securities Limited,nil
SOLEX,Solex Energy Limited,nil
WSI,W S Industries (I) Limited,nil
ATALREAL,Atal Realtech Limited,nil
SHAHALLOYS,Shah Alloys Limited,nil
KKVAPOW,KKV Agro Powers Limited,nil
ASLIND,ASL Industries Limited,nil
GOLDTECH,Goldstone Technologies Limited,nil
NATNLSTEEL,National Steel And Agro Industries Limited,nil
GICL,Globe International Carriers Limited,nil
VSCL,Vadivarhe Speciality Chemicals Limited,nil
NITINFIRE,Nitin Fire Protection Industries Limited,nil
VERA,Vera Synthetic Limited,nil
ADROITINFO,Adroit Infotech Limited,nil
UWCSL,Ultra Wiring Connectivity System Limited,nil
KARMAENG,Karma Energy Limited,nil
SEPOWER,S.E. Power Limited,nil
SURANI,Surani Steel Tubes Limited,nil
ADL,Archidply Decor Limited,nil
COUNCODOS,Country Condo's Limited,nil
SRIRAM,Shri Ram Switchgears Limited,nil
3PLAND,3P Land Holdings Limited,nil
INNOVATIVE,Innovative Tyres and Tubes Limited,nil
INFOMEDIA,Infomedia Press Limited,nil
ARIHANT,Arihant Foundations & Housing Limited,nil
PATSPINLTD,Patspin India Limited,nil
21STCENMGM,21st Century Management Services Limited,nil
MIC,MIC Electronics Limited,nil
CADSYS,Cadsys (India) Limited,nil
ANKITMETAL,Ankit Metal & Power Limited,nil
PRAKASHSTL,Prakash Steelage Limited,nil
RMDRIP,R M Drip and Sprinklers Systems Limited,nil
WEWIN,WE WIN LIMITED,nil
SPYL,Shekhawati Poly-Yarn Limited,nil
NARMADA,Narmada Agrobase Limited,nil
NKIND,NK Industries Limited,nil
MOHITIND,Mohit Industries Limited,nil
GAYAHWS,Gayatri Highways Limited,nil
SSINFRA,S.S. Infrastructure Development Consultants Limited,nil
CALSOFT,California Software Company Limited,nil
LYPSAGEMS,Lypsa Gems & Jewellery Limited,nil
ZODJRDMKJ,Zodiac JRD- MKJ Limited,nil
S&SPOWER,S&S Power Switchgears Limited,nil
TGBHOTELS,TGB Banquets And Hotels Limited,nil
AVROIND,AVRO INDIA LIMITED,nil
CYBERMEDIA,Cyber Media (India) Limited,nil
HBSL,HB Stockholdings Limited,nil
EASTSILK,Eastern Silk Industries Limited,nil
SHUBHLAXMI,Shubhlaxmi Jewel Art Limited,nil
MITTAL,Mittal Life Style Limited,nil
INDLMETER,IMP Powers Limited,nil
PARTYCRUS,Party Cruisers Limited,nil
HILTON,Hilton Metal Forging Limited,nil
CASTEXTECH,Castex Technologies Limited,nil
EMCO,Emco Limited,nil
AHIMSA,Ahimsa Industries Limited,nil
HAVISHA,Sri Havisha Hospitality and Infrastructure Limited,nil
CANDC,C & C Constructions Limited,nil
BTML,Bodhi Tree Multimedia Limited,nil
TNTELE,Tamilnadu Telecommunication Limited,nil
PERFECT,Perfect Infraengineers Limited,nil
MOHOTAIND,Mohota Industries Limited,nil
UNITY,Unity Infraprojects Limited,nil
SETUINFRA,Setubandhan Infrastructure Limited,nil
MASKINVEST,Mask Investments Limited,nil
ACEINTEG,Ace Integrated Solutions Limited,nil
SECL,Salasar Exteriors and Contour Limited,nil
ZENITHSTL,Zenith Steel Pipes & Industries Limited,nil
SYNCOM,Syncom Healthcare Limited,nil
CROWN,Crown Lifters Limited,nil
DALALSTCOM,DSJ Communications Limited,nil
UMESLTD,Usha Martin Education & Solutions Limited,nil
ABINFRA,A B Infrabuild Limited,nil
IMPEXFERRO,Impex Ferro Tech Limited,nil
TVVISION,TV Vision Limited,nil
VICEROY,Viceroy Hotels Limited,nil
PAEL,PAE Limited,nil
ABNINT,A B N Intercorp Limited,nil
EASUNREYRL,Easun Reyrolle Limited,nil
BSELINFRA,BSEL Infrastructure Realty Limited,nil
DNAMEDIA,Diligent Media Corporation Limited,nil
SKSTEXTILE,SKS Textiles Limited,nil
BARTRONICS,Bartronics India Limited,nil
SANCO,Sanco Industries Limited,nil
ONELIFECAP,Onelife Capital Advisors Limited,nil
PREMIER,Premier Limited,nil
NAGREEKCAP,Nagreeka Capital & Infrastructure Limited,nil
CMMIPL,CMM Infraprojects Limited,nil
JETKNIT,Jet Knitwears Limited,nil
MPTODAY,Madhya Pradesh Today Media Limited,nil
EUROTEXIND,Eurotex Industries and Exports Limited,nil
MINDPOOL,Mindpool Technologies Limited,nil
THIRUSUGAR,Thiru Arooran Sugars Limited,nil
RAJRAYON,Raj Rayon Industries Limited,nil
ALPSINDUS,Alps Industries Limited,nil
NORBTEAEXP,Norben Tea & Exports Limited,nil
GLFL,Gujarat Lease Financing Limited,nil
SPENTEX,Spentex Industries Limited,nil
NIRAJISPAT,Niraj Ispat Industries Limited,nil
DSML,Debock Sales And Marketing Limited,nil
SECURCRED,SecUR Credentials Limited,nil
AMJUMBO,A and M Jumbo Bags Limited,nil
SUBCAPCITY,International Constructions Limited,nil
ACCORD,Accord Synergy Limited,nil
OMFURN,Omfurn India Limited,nil
GTNTEX,GTN Textiles Limited,nil
GFSTEELS,Grand Foundry Limited,nil
CONTI,Continental Seeds and Chemicals Limited,nil
TCIFINANCE,TCI Finance Limited,nil
KALYANI,Kalyani Commercials Limited,nil
TFL,Transwarranty Finance Limited,nil
CREATIVEYE,Creative Eye Limited,nil
VIJIFIN,Viji Finance Limited,nil
KAUSHALYA,Kaushalya Infrastructure Development Corporation Limited,nil
BKMINDST,Bkm Industries Limited,nil
JALAN,Jalan Transolutions (India) Limited,nil
PULZ,Pulz Electronics Limited,nil
DRL,Dhanuka Realty Limited,nil
TANTIACONS,Tantia Constructions Limited,nil
TRANSWIND,Transwind Infrastructures Limited,nil
SONISOYA,Soni Soya Products Limited,nil
BHALCHANDR,Bhalchandram Clothing Limited,nil
GRETEX,Gretex Industries Limited,nil
TECHIN,Techindia Nirman Limited,nil
RADAAN,Radaan Mediaworks India Limited,nil
SMVD,SMVD Poly Pack Limited,nil
LAKPRE,Lakshmi Precision Screws Limited,nil
EUROCERA,Euro Ceramics Limited,nil
NTL,Neueon Towers Limited,nil
RAMSARUP,Ramsarup Industries Limited,nil
MANAV,Manav Infra Projects Limited,nil
ARENTERP,Rajdarshan Industries Limited,nil
POWERFUL,Powerful Technologies Limited,nil
VASA,Vasa Retail and Overseas Ltd,nil
JIKIND,JIK Industries Limited,nil
THOMASCOTT,Thomas Scott (India) Limited,nil
MELSTAR,Melstar Information Technologies Limited,nil
ORTEL,Ortel Communications Limited,nil
BOHRA,Bohra Industries Limited,nil
GBGLOBAL,GB Global Limited,nil
DCMFINSERV,DCM Financial Services Limited,nil
GISOLUTION,GI Engineering Solutions Limited,nil
JAINSTUDIO,Jain Studios Limited,nil
HOTELRUGBY,Hotel Rugby Limited,nil
SABEVENTS,Sab Events & Governance Now Media Limited,nil
BLUECHIP,Blue Chip India Limited,nil
ABHISHEK,Abhishek Corporation Limited,nil
AIFL,Ashapura Intimates Fashion Limited,nil
ALCHEM,Alchemist Limited,nil
AMBICAAGAR,Ambica Agarbathies & Aroma industries Limited,nil
AMTEKAUTO,Amtek Auto Limited,nil
ANTGRAPHIC,Antarctica Limited,nil
ARCOTECH,Arcotech Limited,nil
ASIL,Amit Spinning Industries Limited,nil
ATCOM,Atcom Technologies Limited,nil
ATLASCYCLE,Atlas Cycles (Haryana) Limited,nil
ATNINTER,ATN International Limited,nil
AUSTRAL,Austral Coke & Projects Limited,nil
AUTOLITIND,Autolite (India) Limited,nil
BGLOBAL,Bharatiya Global Infomedia Limited,nil
BHARATIDIL,Bharati Defence and Infrastructure Limited,nil
BILENERGY,Bil Energy Systems Limited,nil
BINANIIND,Binani Industries Limited,nil
BLUEBLENDS,Blue Blends (I) Limited,nil
BLUECOAST,Blue Coast Hotels Limited,nil
CCCL,Consolidated Construction Consortium Limited,nil
CELESTIAL,Celestial Biolabs Limited,nil
CHROMATIC,Chromatic India Limited,nil
CKFSL,Cox & Kings Financial Service Limited,nil
COFFEEDAY,Coffee Day Enterprises Limited,nil
CURATECH,Cura Technologies Limited,nil
DIGJAMLTD,Digjam Limited,nil
DOLPHINOFF,Dolphin Offshore Enterprises (India) Limited,nil
DQE,DQ Entertainment (International) Limited,nil
DSKULKARNI,DS Kulkarni Developers Limited,nil
EASTSUGIND,Eastern Sug & Inds Limited,nil
EON,Eon Electric Limited,nil
ESSDEE,Ess Dee Aluminium Limited,nil
EUROMULTI,Euro Multivision Limited,nil
FEDDERELEC,Fedders Electric and Engineering Limited,nil
GAMMONIND,Gammon India Limited,nil
GANGOTRI,Gangotri Textiles Limited,nil
GITANJALI,Gitanjali Gems Limited,nil
GUJNRECOKE,Gujarat NRE Coke Limited,nil
GVKPIL,GVK Power & Infrastructure Limited,nil
HIGHGROUND,High Ground Enterprise Limited,nil
HINDSYNTEX,Hind Syntex Limited,nil
ICDSLTD,ICDS Limited,nil
ICSA,ICSA (India) Limited,nil
INDSWFTLTD,Ind-Swift Limited,nil
INTEGRA,Integra Garments and Textiles Limited,nil
IVRCLINFRA,IVRCL Limited,nil
JAIHINDPRO,Jaihind Projects Limited,nil
JINDCOT,Jindal Cotex Limited,nil
JPOLYINVST,Jindal Poly Investment and Finance Company Limited,nil
JVLAGRO,JVL Agro Industries Limited,nil
KAVVERITEL,Kavveri Telecom Products Limited,nil
KHAITANLTD,Khaitan (India) Limited,nil
KOHINOOR,Kohinoor Foods Limited,nil
KSERASERA,KSS Limited,nil
KSK,KSK Energy Ventures Limited,nil
KWALITY,kwality limited,nil
LAKSHMIEFL,Lakshmi Energy and Foods Limited,nil
LEEL,LEEL Electricals Limited,nil
MAFATLAFIN,Mafatlal Finance Limited,nil
MANPASAND,Manpasand Beverages Limited,nil
METKORE,Metkore Alloys & Industries Limited,nil
MODTHREAD,Modern Thread Limited,nil
MVL,MVL Limited,nil
NAKODA,Nakoda Limited,nil
NOESISIND,Noesis Industries Limited,nil
NUTEK,Nu Tek India Limited,nil
OISL,OCL Iron and Steel Limited,nil
PARABDRUGS,Parabolic Drugs Limited,nil
PARASPETRO,Paras Petrofils Limited,nil
PBAINFRA,PBA Infrastructure Limited,nil
PDPL,Parenteral Drugs (India) Limited,nil
PETRONENGG,Petron Engineering Construction Limited,nil
PINCON,Pincon Spirit Limited,nil
PRADIP,Pradip Overseas Limited,nil
PRATIBHA,Pratibha Industries Limited,nil
PROSEED,Proseed India Limited,nil
PRUDMOULI,Prudential Sugar Corporation Limited,nil
PSL,PSL Limited,nil
PVP,PVP Ventures Limited,nil
QUINTEGRA,Quintegra Solutions Limited,nil
RAINBOWPAP,Rainbow Papers Limited,nil
RAJVIR,Rajvir Industries Limited,nil
REGENCERAM,Regency Ceramics Limited,nil
RMMIL,Resurgere Mines & Minerals Limited,nil
RUSHABEAR,Rushabh Precision Bearings Limited,nil
SABTN,Sri Adhikari Brothers Television Network Limited,nil
SATHAISPAT,Sathavahana Ispat Limited,nil
SBIHOMEFIN,SBI Home Finance Limited,nil
SELMCL,SEL Manufacturing Company Limited,nil
SHARONBIO,Sharon Bio-Medicine Limited,nil
SHIRPUR-G,Shirpur Gold Refinery Limited,nil
SHLAKSHMI,Shri Lakshmi Cotsyn Limited,nil
SHYAMTEL,Shyam Telecom Limited,nil
SIMPLEX,Simplex Projects Limited,nil
SITASHREE,Sita Shree Food Products Limited,nil
SMPL,Splendid Metal Products Limited,nil
SPCENET,Spacenet Enterprises India Limited,nil
SRSLTD,SRS Limited,nil
STAMPEDE,Stampede Capital Limited,nil
STERLINBIO,Sterling Biotech Limited,nil
STINDIA,STI India Limited,nil
SUJANAUNI,Sujana Universal Industries Limited,nil
SUPREMEINF,Supreme Infrastructure India Limited,nil
TALWALKARS,Talwalkars Better Value Fitness Limited,nil
TALWGYM,Talwalkars Healthclubs Limited,nil
TARAPUR,Tarapur Transformers Limited,nil
TECHNOFAB,Technofab Engineering Limited,nil
TECILCHEM,TECIL Chemicals and Hydro Power Limited,nil
TULSI,Tulsi Extrusions Limited,nil
UNIPLY,Uniply Industries Limited,nil
VALECHAENG,Valecha Engineering Limited,nil
VALUEIND,Value Industries Limited,nil
VIMALOIL,Vimal Oil & Foods Limited,nil
VISESHINFO,Visesh Infotecnics Limited,nil
VISUINTL,Visu International Limited,nil
WINSOME,Winsome Yarns Limited,nil
XLENERGY,XL Energy Limited,nil
ZICOM,Zicom Electronic Security Systems Limited,nil
SIIL,Supreme (India) Impex Limited,nil
OPAL,Opal Luxury Time Products Limited,nil
FIVECORE,Five Core Electronics Limited,nil
PUSHPREALM,Pushpanjali Realms and Infratech Limited,nil
CKPLEISURE,CKP Leisure Limited,nil
CKPPRODUCT,CKP Products Limited,nil
FOURTHDIM,Fourth Dimension Solutions Limited,nil
ARTEDZ,Artedz Fabs Limited,nil
BANSAL,Bansal Multiflex Limited,nil
,,
,,
